Model,Price (INR),RAM (GB),Battery (mAh),Camera (MP),Display (Inches),,MARCOS,SECA,MUTRISS,MAIRCA,CODAS,RAFSI,CRADIS,CoCoSo,MABAC,COPRAS,RAM,WASPAS,PIV,WISP
iQOO Z9 5G,19999,8,5000,50,6.67,,292,269,335,269,288,324,292,308,292,369,306,304,283,379
Nothing Phone 2a,23999,8,5000,50,6.7,,294,291,350,291,280,298,294,388,294,395,329,343,327,511
Vivo V30 Pro 5G,41999,8,5000,50,6.78,,301,382,379,382,260,202,301,578,301,454,400,441,538,728
Vivo V30 5G,33999,8,5000,50,6.78,,288,337,367,337,252,228,288,513,288,432,374,401,448,672
Oppo F25 Pro 5G,23999,8,5000,64,6.7,,183,170,160,170,177,204,183,215,183,234,197,201,185,355
Samsung Galaxy F15 5G,12999,4,6000,50,6.45,,573,551,553,551,589,587,573,557,573,656,576,586,522,432
OnePlus Nord CE 3 5G,22429,8,5000,50,6.7,,291,280,345,280,279,303,291,361,291,389,319,330,311,459
Xiaomi Redmi Note 13 Pro 5G,23630,8,5100,200,6.67,,12,7,12,7,12,26,12,7,12,17,12,9,7,10
Motorola Moto G34 5G (8GB RAM + 128GB),11999,8,5000,50,6.5,,300,244,303,244,336,408,300,150,300,300,248,206,210,120
Motorola Edge 40 Neo,22999,8,5000,50,6.55,,338,311,363,311,345,329,338,384,338,400,348,348,326,486
OnePlus 12R,38300,8,5500,50,6.78,,227,309,281,309,215,186,227,515,227,399,322,376,456,690
Xiaomi Redmi Note 13 5G,16820,6,5000,108,6.67,,139,102,73,102,146,160,139,65,139,104,94,90,70,99
Nothing Phone 2a (12GB RAM + 256GB),27999,12,5000,50,6.7,,100,88,117,88,89,122,100,158,100,138,108,106,104,309
Lava Blaze Curve 5G,17999,8,5000,64,6.67,,176,158,144,158,178,227,176,143,176,213,173,165,131,198
OPPO Reno 11,27899,8,5000,50,6.7,,311,315,361,315,287,266,311,447,311,416,356,369,375,601
Samsung Galaxy A55 5G,39999,8,5000,50,6.6,,347,405,395,405,343,224,347,574,347,466,413,455,526,725
OnePlus Nord CE 3 Lite 5G,17549,8,5000,108,6.72,,57,43,39,43,66,102,57,29,57,61,44,42,29,47
Motorola Moto G54 5G,13999,8,6000,50,6.5,,202,163,190,163,209,280,202,141,202,252,175,170,152,139
Xiaomi 14,69999,12,4610,50,6.36,,147,277,214,277,136,65,147,543,147,195,215,269,547,754
Samsung Galaxy F54,24359,8,6000,108,6.7,,40,33,28,33,42,61,40,35,40,51,34,36,31,91
Samsung Galaxy F15 5G (6GB RAM +  128GB),14499,6,6000,50,6.45,,431,371,362,371,443,460,431,330,431,468,372,378,349,286
Motorola Moto G54 5G (12GB RAM +256GB),15999,12,6000,50,6.5,,63,47,96,47,57,124,63,46,63,118,64,58,59,56
Samsung Galaxy A35 5G,30999,8,5000,50,6.6,,341,354,383,354,339,265,341,489,341,440,389,408,425,642
Realme 12 5G,16990,6,5000,108,6.72,,134,99,70,99,142,158,134,64,134,103,92,88,68,102
Vivo V30 Pro (12GB RAM + 512GB),46999,12,5000,50,6.78,,98,124,123,124,85,71,98,327,98,148,125,146,217,612
Xiaomi Redmi Note 12 5G,11159,4,5000,48,6.67,,634,610,638,610,631,649,634,580,634,691,626,620,602,384
Xiaomi Redmi Note 13 Pro Plus,30770,8,5000,200,6.67,,17,13,16,13,16,19,17,13,17,22,17,17,12,28
Apple iPhone 15,66999,6,3349,48,6.1,,693,776,682,776,701,478,693,704,693,752,694,695,815,885
Nothing Phone 2a (8GB RAM + 256GB),25999,8,5000,50,6.7,,306,307,357,307,286,278,306,420,306,411,347,357,355,563
OnePlus Nord 3 5G,26485,8,5000,50,6.74,,289,301,353,301,267,268,289,424,289,410,344,355,358,572
Poco X6 Pro 5G,25999,8,5000,64,6.67,,189,182,169,182,189,201,189,247,189,245,213,217,212,421
Vivo T2 Pro 5G,23999,8,4600,64,6.78,,206,189,213,189,198,215,206,240,206,264,241,228,213,387
Vivo T2x 5G (6GB RAM + 128GB),12999,6,5000,50,6.58,,491,457,473,457,506,530,491,363,491,535,456,435,405,278
iQOO Neo 9 Pro 5G,37999,8,5160,50,6.78,,274,345,340,345,238,206,274,536,274,429,365,411,483,702
Motorola Moto G84 5G,17999,12,5000,50,6.55,,104,80,113,80,99,148,104,79,104,132,95,84,84,122
Vivo V29,30599,8,4600,50,6.78,,357,362,427,362,333,279,357,505,357,457,407,421,441,649
Infinix Note 30 5G (8GB RAM + 256GB),14898,8,5000,108,6.78,,47,37,33,37,60,107,47,19,47,47,37,28,21,22
Samsung Galaxy S23 FE 5G,41569,8,4500,50,6.4,,422,518,490,518,397,297,422,624,422,541,513,538,610,749
Realme 12 Pro Plus,28746,8,5000,64,6.7,,188,190,174,190,183,190,188,287,188,254,221,237,243,482
Xiaomi Redmi 12 5G (8GB RAM + 256GB),14999,8,5000,50,6.79,,248,214,300,214,234,337,248,186,248,324,250,223,228,192
Nothing Phone 2 (12GB RAM + 256GB),36999,12,4700,50,6.7,,119,118,149,118,112,108,119,267,119,155,133,138,139,518
OnePlus Nord CE 3 Lite 5G (8GB RAM + 256GB),19711,8,5000,108,6.72,,58,49,42,49,67,96,58,34,58,68,49,48,35,69
iQOO Z7 Pro 5G,23915,8,4600,64,6.78,,205,188,212,188,197,216,205,236,205,263,239,226,211,383
Realme Narzo 60 5G,14999,8,5000,64,6.43,,200,168,153,168,213,276,200,119,200,207,169,158,122,138
Samsung Galaxy S24 Ultra,129999,12,5000,200,6.8,,6,16,6,16,4,3,6,30,6,13,9,11,20,281
Vivo Y200e 5G,19999,6,5000,50,6.67,,500,486,510,486,487,476,500,519,500,613,520,516,488,576
Realme 11x 5G,12999,6,5000,64,6.72,,369,304,239,304,391,430,369,180,369,327,282,266,248,164
Motorola Edge 40 5G,26999,8,4400,50,6.55,,396,400,471,400,384,376,396,497,396,484,454,443,429,623
Xiaomi Redmi Note 12 4G,8799,6,5000,50,6.67,,451,402,417,402,464,544,451,192,451,382,349,326,347,76
Samsung Galaxy A15 5G,19499,8,5000,50,6.5,,342,302,356,302,352,362,342,314,342,381,325,325,293,376
Honor 90 5G,25745,8,5000,200,6.7,,14,9,14,9,14,25,14,9,14,19,14,12,9,12
Samsung Galaxy M34 5G,15597,6,6000,50,6.5,,423,370,368,370,436,451,423,364,423,486,381,387,360,331
Motorola Edge 40 Neo (12GB RAM + 256GB),24999,12,5000,50,6.55,,110,90,119,90,104,136,110,139,110,137,111,105,101,259
Poco M6 5G,9499,4,5000,50,6.74,,595,566,582,566,604,619,595,501,595,638,581,576,545,241
Motorola Moto G34 5G,10999,4,5000,50,6.5,,651,632,619,632,671,674,651,564,651,677,623,618,587,368
OPPO Reno 11 Pro 5G,39999,12,4600,50,6.7,,125,131,181,131,117,101,125,306,125,166,146,157,171,573
OnePlus 12R (16GB RAM + 256GB),45200,16,5500,50,6.78,,32,24,71,24,24,38,32,111,32,53,36,38,50,323
Samsung Galaxy A34 5G,23990,6,5000,48,6.6,,531,531,557,531,525,477,531,600,531,652,567,573,559,673
Samsung Galaxy S21 FE 5G,31999,8,4500,12,6.4,,679,675,695,675,563,574,679,758,679,779,707,704,678,863
Xiaomi Redmi Note 13 5G (8GB RAM + 256GB),18844,8,5000,108,6.67,,62,51,44,51,71,103,62,31,62,66,48,47,34,62
Vivo V29e,24980,8,5000,64,6.78,,174,166,154,166,169,195,174,222,174,233,193,200,191,378
OnePlus 12 5G,63679,12,5400,64,6.82,,43,98,93,98,41,51,43,244,43,117,82,98,230,615
Oppo F25 Pro 5G (8GB RAM + 256GB),25999,8,5000,64,6.7,,186,179,165,179,180,198,186,243,186,241,209,213,208,415
Poco M6 Pro 5G (6GB RAM + 128GB),11498,6,5000,50,6.79,,453,393,435,393,449,493,453,278,453,467,397,374,369,181
Samsung Galaxy A14 5G (8GB RAM + 128GB),13599,8,5000,50,6.6,,284,238,308,238,304,383,284,171,284,316,256,225,221,161
Xiaomi Redmi 13C 5G,10998,4,5000,50,6.74,,605,573,594,573,607,611,605,548,605,662,602,595,566,341
Realme C67 5G,11120,4,5000,50,6.72,,609,580,599,580,610,615,609,552,609,666,605,597,568,350
Samsung Galaxy S22 5G,37900,8,3700,50,6.1,,538,598,640,598,494,443,538,647,538,617,611,609,635,768
Poco C55 (6GB RAM + 128GB),6499,6,5000,50,6.71,,430,376,344,376,446,551,430,121,430,270,260,236,315,13
iQOO Z7s 5G,15190,6,4500,64,6.38,,463,437,378,437,479,484,463,317,463,415,423,397,329,308
Samsung Galaxy M14 (6GB RAM + 128GB),10990,6,6000,50,6.6,,383,322,313,322,416,458,383,205,383,377,289,293,297,131
Vivo T2 5G,15899,6,4500,64,6.38,,469,443,384,443,481,481,469,339,469,426,433,412,336,336
Xiaomi Redmi Note 12 (6GB RAM + 128GB),12239,6,5000,48,6.67,,489,453,487,453,491,539,489,357,489,538,453,429,413,244
Samsung Galaxy S23 Ultra 5G,96999,12,5000,200,6.8,,4,11,4,11,2,5,4,17,4,11,7,7,14,153
Motorola Moto G24 Power (8GB RAM + 128GB),8999,8,6000,50,6.6,,169,147,132,147,188,299,169,60,169,191,117,110,118,20
Apple iPhone 14,57999,6,3279,12,6.1,,798,835,828,835,791,710,798,846,798,920,830,827,842,931
Realme 12 Pro Plus 5G (12GB RAM + 256GB),30900,12,5000,64,6.7,,50,58,102,58,48,68,50,101,50,110,75,75,81,243
iQOO Z9 5G (8GB RAM + 256GB),21999,8,5000,50,6.67,,305,283,346,283,294,311,305,356,305,388,320,329,308,450
OnePlus 11R 5G,36779,8,5000,50,6.74,,312,364,377,364,274,220,312,539,312,445,391,424,487,700
Infinix Zero 30 5G (12GB RAM + 256GB),22999,12,5000,108,6.78,,24,18,20,18,29,44,24,14,24,28,21,20,17,24
iQOO 12 5G,52999,12,5000,64,6.78,,48,92,104,92,47,55,48,212,48,122,86,101,144,561
Xiaomi Redmi Note 13 Pro 5G (8GB RAM + 256GB),25137,8,5100,200,6.67,,13,8,13,8,13,24,13,8,13,18,13,10,8,11
Apple iPhone 15 Plus,76499,6,4383,48,6.7,,567,696,652,696,556,253,567,681,567,735,671,673,811,878
Honor X9B,24675,8,5800,108,6.78,,41,35,31,35,44,62,41,39,41,57,35,41,32,100
Apple iPhone 13,51499,4,3240,12,6.1,,846,851,871,851,848,762,846,860,846,944,856,857,854,942
Vivo V30 5G (12GB RAM + 256GB),37999,12,5000,50,6.78,,95,103,121,103,84,86,95,237,95,143,118,125,129,492
Apple iPhone 15 Pro Max,148900,8,4422,48,6.7,,414,798,540,798,380,56,414,683,414,604,588,665,886,902
Xiaomi Redmi 12 5G (6GB RAM + 128GB),12999,6,5000,50,6.79,,458,404,446,404,452,488,458,341,458,513,420,407,389,255
Vivo Y200 5G,21999,8,4800,64,6.67,,199,181,196,181,200,225,199,207,199,237,212,204,179,324
Vivo T2x 5G,11999,4,5000,50,6.58,,638,619,624,619,650,640,638,590,638,692,633,625,594,438
Nothing Phone 2,39999,8,4700,50,6.7,,366,424,429,424,350,232,366,591,366,491,445,480,548,729
Nokia G42 5G (4GB RAM + 128GB),9999,4,5000,50,6.56,,624,601,602,601,649,669,624,531,624,655,604,596,567,293
Realme 12 5G (8GB RAM + 128GB),15999,8,5000,108,6.72,,53,40,37,40,63,110,53,26,53,56,40,33,25,33
Realme 12 Pro 5G (8GB RAM + 256GB),24185,8,5000,50,6.7,,295,292,351,292,281,294,295,394,295,396,332,345,330,517
Samsung Galaxy A54 5G,33499,8,5000,50,6.4,,371,403,404,403,366,288,371,534,371,464,421,447,469,687
OPPO Reno 11 (8GB RAM + 256GB),31999,8,5000,50,6.7,,321,338,374,338,292,245,321,495,321,431,379,398,428,651
Poco X6 Pro 5G (12GB RAM + 512GB),27999,12,5000,64,6.67,,52,55,101,55,49,75,52,85,52,108,71,71,77,195
Realme C55 (6GB RAM + 64GB),8520,6,5000,64,6.72,,340,271,207,271,383,447,340,99,340,218,194,173,194,35
Samsung Galaxy S20 FE 5G,26674,8,4500,12,6.5,,663,662,692,662,551,579,663,731,663,772,697,691,659,840
OnePlus 12 (16GB RAM + 512GB),69099,16,5400,64,6.82,,21,29,34,29,21,28,21,120,21,41,31,27,89,443
Vivo V27,30990,8,4600,50,6.78,,359,365,428,365,334,277,359,511,359,460,409,425,446,660
Realme 11 Pro,23999,8,5000,100,6.7,,90,74,66,74,121,123,90,61,90,95,72,74,62,152
Vivo Y16 (4GB RAM + 128GB),9999,4,5000,13,6.51,,756,734,749,734,757,744,756,739,756,843,746,747,715,733
Vivo V29 Pro,38990,8,4600,50,6.78,,364,409,434,409,341,234,364,583,364,493,444,471,536,726
Poco M6 Pro 5G (8GB RAM + 256GB),12999,8,5000,50,6.79,,235,196,280,196,229,351,235,156,235,299,222,195,201,135
Lava Storm 5G,11999,8,5000,50,6.78,,231,192,270,192,228,358,231,135,231,278,207,181,190,104
Motorola Moto G04,6999,4,5000,16,6.56,,720,697,710,697,720,736,720,680,720,770,702,701,676,455
Realme 11 5G (8GB RAM + 256GB),17380,8,5000,108,6.72,,56,42,38,42,65,104,56,28,56,60,43,39,27,45
Samsung Galaxy S21 FE (Snapdragon),33495,8,4500,12,6.4,,681,681,696,681,564,573,681,761,681,782,708,706,682,869
Xiaomi Redmi Note 13 5G (12GB RAM + 256GB),20505,12,5000,108,6.67,,26,19,21,19,35,46,26,12,26,27,20,19,16,14
Samsung Galaxy S23 5G,64999,8,3900,50,6.1,,527,676,620,676,478,264,527,667,527,635,635,655,710,844
Samsung Galaxy M14 4G,8999,4,5000,50,6.7,,600,568,580,568,608,635,600,481,600,622,577,568,540,203
Realme C67 5G (6GB RAM + 128GB),12590,6,5000,50,6.72,,472,416,452,416,466,498,472,328,472,510,426,409,390,242
Xiaomi Redmi 12 5G,11999,4,5000,50,6.79,,604,570,601,570,600,605,604,572,604,681,609,604,572,412
OPPO A79 5G,17090,8,5000,50,6.72,,277,237,314,237,255,335,277,233,277,347,274,261,252,280
Realme C53,8709,4,5000,108,6.74,,158,142,86,142,159,289,158,67,158,115,121,112,90,19
Motorola Moto G32 (8GB RAM + 128GB),9999,8,5000,50,6.55,,271,226,266,226,298,412,271,109,271,238,198,172,183,54
iQOO Z6 Lite (6GB RAM + 128GB),11999,6,5000,50,6.58,,487,449,459,449,499,540,487,320,487,505,435,415,392,223
OPPO A59 5G,13999,4,5000,13,6.56,,765,741,776,741,760,735,765,769,765,875,773,769,737,807
Samsung Galaxy S21 FE (Snapdragon + 8GB RAM + 128GB),29999,8,4500,12,6.4,,677,672,694,672,561,577,677,748,677,777,705,700,672,855
Xiaomi Redmi Note 13 Pro Plus (12GB RAM + 512GB),33465,12,5000,200,6.67,,11,6,10,6,11,7,11,6,11,10,6,6,6,7
Vivo Y28 5G,13999,4,5000,50,6.56,,657,639,642,639,666,625,657,628,657,717,653,648,612,565
Samsung Galaxy M14,9990,4,6000,50,6.6,,553,522,507,522,573,581,553,454,553,589,517,520,485,226
Samsung Galaxy A53 5G (8GB RAM + 128GB),25990,8,5000,64,6.5,,209,216,194,216,208,214,209,265,209,258,237,239,226,436
Poco C51 (6GB RAM + 128 GB),5999,6,5000,8,6.52,,691,674,689,674,683,722,691,687,691,733,685,689,655,301
Motorola Moto G24 Power,7999,4,6000,50,6.6,,545,513,467,513,569,590,545,367,545,500,464,470,458,108
Honor 90 5G (12GB RAM +512GB),28499,12,5000,200,6.7,,2,2,2,2,7,11,2,2,2,6,2,2,2,2
Google Pixel 7A,37999,8,4385,64,6.1,,368,441,330,441,370,261,368,512,368,361,406,433,444,695
Vivo T2 Pro 5G (8GB RAM + 256GB),24999,8,4600,64,6.78,,207,199,216,199,199,213,207,258,207,266,246,235,227,417
iQOO Neo 9 Pro 5G (12GB RAM + 256GB),38999,12,5160,50,6.78,,93,97,112,97,75,79,93,232,93,139,113,120,127,502
POCO X5 5G,14190,6,5000,48,6.67,,506,467,511,467,498,521,506,414,506,574,478,464,438,338
Xiaomi Redmi 13C 4G,7799,4,5000,50,6.74,,582,557,558,557,598,636,582,425,582,568,550,539,519,129
Infinix GT 10 Pro,24999,8,5000,108,6.67,,64,57,47,57,76,88,64,51,64,79,58,60,44,137
Realme Narzo 60X,11499,4,5000,50,6.72,,612,582,603,582,611,613,612,562,612,674,608,603,571,382
iQOO Neo 7 Pro,30999,8,5000,50,6.78,,285,321,359,321,250,240,285,474,285,424,360,385,409,633
Realme 11,14999,8,5000,108,6.72,,49,38,35,38,62,115,49,22,49,50,38,31,23,25
Samsung Galaxy S23 (8GB RAM + 256GB),58500,8,3900,50,6.1,,525,663,616,663,477,306,525,665,525,626,624,647,671,830
Samsung Galaxy A14 5G,12370,4,5000,50,6.6,,635,616,626,616,638,630,635,596,635,699,639,630,599,458
Samsung Galaxy F04,5999,4,5000,13,6.5,,725,711,712,711,735,773,725,688,725,759,710,711,683,371
iQOO Z7s (8GB RAM + 128GB),15720,8,4500,64,6.38,,246,228,227,228,270,345,246,152,246,230,234,196,150,178
Vivo T2x 5G (8GB RAM + 128GB),14999,8,5000,50,6.58,,299,249,315,249,313,378,299,202,299,335,266,247,239,208
Infinix Smart 8,6980,4,5000,50,6.6,,589,574,554,574,615,682,589,393,589,533,543,532,520,86
Poco C55,5998,4,5000,50,6.71,,571,553,513,553,590,665,571,307,571,425,486,479,502,39
OPPO Reno 10,32999,8,5000,64,6.7,,191,223,184,223,186,179,191,352,191,271,245,264,282,574
Realme 11 Pro Plus,27999,8,5000,200,6.7,,15,10,15,10,15,21,15,10,15,20,15,14,10,15
Samsung Galaxy F34 5G,15970,6,6000,50,6.5,,425,372,371,372,437,450,425,372,425,494,387,390,362,342
Apple iPhone 14 Plus,65999,6,4325,12,6.7,,714,801,773,801,706,565,714,830,714,888,784,787,839,928
OnePlus 11 5G,49999,8,5000,50,6.7,,334,464,393,464,302,184,334,623,334,476,429,493,632,770
Xiaomi Redmi Note 12 Pro 5G,20399,6,5000,50,6.67,,503,489,512,489,489,475,503,528,503,615,527,519,491,587
Infinix Smart 8 Plus,7799,4,6000,50,6.6,,543,510,463,510,568,592,543,355,543,487,461,461,454,96
Vivo Y200e 5G (8GB RAM + 128GB),20999,8,5000,50,6.67,,297,276,343,276,290,317,297,332,297,379,312,320,298,416
Xiaomi Redmi Note 13 Pro 5G (12GB RAM + 256GB),26794,12,5100,200,6.67,,1,1,1,1,1,12,1,1,1,5,1,1,1,1
Lava Agni 2 5G,19999,8,4700,50,6.78,,329,285,388,285,300,343,329,326,329,390,328,324,302,399
Nothing Phone 2 (12GB RAM + 512GB),38999,12,4700,50,6.7,,120,122,151,122,113,99,120,285,120,158,136,147,151,548
Infinix Zero 30 5G,21549,8,5000,108,6.78,,54,50,41,50,61,89,54,40,54,71,50,51,37,87
Realme 11x 5G (8GB RAM + 128GB),13999,8,5000,64,6.72,,164,146,133,146,168,236,164,97,164,196,137,127,114,101
Apple iPhone 15 Pro,127990,8,3274,48,6.1,,574,823,674,823,543,149,574,719,574,704,676,681,863,907
POCO M4 Pro 4G (8GB RAM + 128GB),9999,8,5000,64,6.43,,182,155,125,155,207,308,182,53,182,157,122,109,109,29
Samsung Galaxy A15 5G (6GB RAM + 128GB),17819,6,5000,50,6.5,,521,503,521,503,529,510,521,487,521,603,526,513,470,512
Samsung Galaxy A34 5G (8GB RAM + 256GB),26499,8,5000,48,6.6,,358,339,405,339,351,315,358,461,358,447,390,393,391,598
Poco M5,6867,4,5000,50,6.58,,590,577,552,577,617,690,590,385,590,525,542,530,521,84
Samsung Galaxy S22 Ultra 5G,84999,12,5000,108,6.8,,27,44,23,44,32,23,27,115,27,33,27,35,108,495
Apple iPhone 12,44999,4,3110,12,6.1,,851,847,875,847,852,787,851,856,851,945,860,856,846,934
Samsung Galaxy S24 Ultra (12GB RAM + 1TB),159999,12,5000,200,6.8,,8,21,9,21,6,1,8,44,8,15,11,16,92,408
Infinix Hot 40i,9298,8,5000,50,6.6,,247,212,253,212,272,407,247,100,247,224,183,161,170,42
Samsung Galaxy F14 5G (6GB RAM + 128GB),10490,6,6000,50,6.6,,381,317,307,317,415,459,381,187,381,364,280,284,289,117
iQOO Neo 7 (12GB RAM + 256GB),27999,12,5000,64,6.78,,45,52,100,52,43,69,45,76,45,106,69,66,73,189
Samsung Galaxy S23 FE 5G (8GB RAM + 256GB),44800,8,4500,50,6.4,,424,533,495,533,398,271,424,635,424,547,525,555,633,772
OnePlus 11R (16GB RAM + 256GB),39798,16,5000,50,6.74,,37,28,90,28,27,43,37,107,37,62,45,45,48,292
OPPO Reno 10 Pro,37999,12,4600,50,6.7,,122,126,176,126,116,113,122,281,122,163,143,153,148,538
Motorola Moto G04 (8 GB RAM + 128GB),7999,8,5000,16,6.56,,542,514,671,514,456,594,542,620,542,610,590,590,516,196
OnePlus Nord CE 2 Lite 5G,18198,6,5000,64,6.59,,397,358,286,358,420,429,397,325,397,392,363,360,310,369
Samsung Galaxy M52 5G,21390,6,5000,64,6.7,,385,357,284,357,402,399,385,390,385,414,380,384,338,475
Nokia G42 5G,12499,6,5000,50,6.56,,493,458,468,458,512,542,493,345,493,523,448,427,400,249
Samsung Galaxy A05,8699,4,5000,50,6.7,,594,567,576,567,606,638,594,466,594,614,572,561,537,182
Xiaomi Redmi 13C 5G (8GB RAM + 256GB),14499,8,5000,50,6.74,,259,220,302,220,245,350,259,176,259,318,251,220,223,179
iQOO 12 5G (16GB RAM + 512GB),57999,16,5000,64,6.78,,22,27,60,27,22,31,22,104,22,42,32,29,66,360
Vivo V29 (12GB RAM + 256GB),35900,12,4600,50,6.78,,114,113,162,113,108,112,114,255,114,153,129,132,132,490
Realme Narzo 60X (6GB RAM + 128GB),12499,6,5000,50,6.72,,470,414,449,414,465,500,470,324,470,507,422,406,387,239
Tecno Pova 5 Pro,14999,8,5000,50,6.78,,249,217,301,217,237,342,249,191,249,326,252,227,229,193
Oppo A78,15499,8,5000,50,6.56,,315,260,321,260,326,379,315,213,315,340,277,257,247,231
Poco X6 5G (12GB RAM + 512GB),22999,12,5100,64,6.67,,46,46,98,46,46,80,46,55,46,101,63,59,54,123
Poco M6 Pro 5G (4GB RAM + 128GB),10299,4,5000,50,6.79,,593,562,585,562,595,608,593,525,593,651,589,584,557,294
Realme 11 Pro Plus (12GB RAM + 256GB),29999,12,5000,200,6.7,,3,3,3,3,8,9,3,3,3,7,3,3,3,3
Realme Narzo N55 (6GB RAM + 128GB),9740,6,5000,64,6.72,,355,279,218,279,388,444,355,124,355,250,228,198,207,64
Lava Blaze 5G,8999,4,5000,50,6.5,,626,611,592,611,665,691,626,500,626,637,593,587,561,228
Motorola Edge 30 Pro 5G,29999,8,4800,50,6.7,,346,352,406,352,331,274,346,483,346,444,394,410,422,634
OnePlus 10 Pro 5G,42000,8,5000,50,6.7,,330,401,387,401,297,209,330,584,330,461,404,451,546,731
Vivo X100 Pro 5G,89999,16,5400,50,6.78,,33,71,85,71,25,27,33,311,33,67,51,73,299,691
Samsung Galaxy A54 5G (8GB RAM + 256GB),35499,8,5000,50,6.4,,374,412,409,412,367,273,374,551,374,471,430,459,495,707
Poco M6 5G (8GB RAM + 256GB),11999,8,5000,50,6.74,,240,201,276,201,240,365,240,138,240,280,214,184,192,106
Xiaomi Redmi 13C 5G (6GB RAM + 128GB),12499,6,5000,50,6.74,,464,410,447,410,461,496,464,322,464,502,417,402,385,236
Samsung Galaxy M34 5G (8GB RAM + 128GB),17998,8,6000,50,6.5,,212,176,206,176,217,256,212,204,212,303,204,207,200,261
Samsung Galaxy M14 4G (6GB RAM + 128GB),11999,6,5000,50,6.7,,473,415,445,415,470,508,473,310,473,495,412,396,382,215
Vivo V25 Pro 5G,23999,8,4830,64,6.56,,215,209,205,209,211,230,215,234,215,257,240,230,209,389
itel S23 Plus,13999,8,5000,50,6.78,,245,208,293,208,235,349,245,169,245,313,244,208,214,165
Infinix Hot 30 5G (8GB RAM + 128GB),12980,8,6000,50,6.78,,165,143,147,143,166,241,165,114,165,225,140,137,136,97
Vivo Y02t 4G,6374,4,5000,8,6.51,,757,743,753,743,758,785,757,767,757,791,748,760,723,590
Poco M4 5G (6GB RAM + 128GB),10799,6,5000,50,6.58,,482,438,442,438,492,549,482,274,482,463,405,386,376,166
Xiaomi Redmi Note 13 Pro Plus (12GB RAM + 256GB),32715,12,5000,200,6.67,,9,5,8,5,9,8,9,5,9,9,5,5,5,6
Realme C53 (6GB RAM + 128GB),9149,6,5000,108,6.74,,123,84,58,84,139,170,123,23,123,76,60,52,45,8
Samsung Galaxy S24 Plus,99999,12,4900,50,6.7,,112,373,140,373,101,47,112,601,112,183,179,259,669,804
Poco F4 (12GB RAM + 256GB),21999,12,4500,64,6.67,,76,63,108,63,59,109,76,62,76,111,83,68,67,133
Vivo X100 5G (16GB RAM + 512GB),65999,16,5000,64,6.78,,23,31,61,31,23,30,23,128,23,44,33,34,86,449
Apple iPhone 15 (256GB),80990,6,3349,48,6.1,,694,802,683,802,703,436,694,726,694,754,695,703,832,891
Xiaomi Redmi Note 12 (8GB RAM + 256GB),18999,8,5000,48,6.67,,331,282,372,282,318,354,331,315,331,391,317,321,295,362
Samsung Galaxy A34 5G (8GB RAM + 128GB),24499,8,5000,48,6.6,,354,330,398,330,349,328,354,433,354,438,376,380,363,554
Oppo Reno 10 Pro Plus,49499,12,4700,64,6.74,,69,101,106,101,56,57,69,216,69,126,96,107,137,545
Vivo X90 5G,47490,8,4810,50,6.78,,339,455,416,455,303,196,339,617,339,488,439,492,619,755
Nothing Phone 1,31999,8,4500,50,6.55,,389,423,461,423,378,327,389,544,389,498,462,473,482,686
Xiaomi Redmi A3,7249,3,5000,8,6.71,,787,769,806,769,776,810,787,808,787,858,796,799,764,724
iKall K510 New,4489,2,3000,13,5,,869,861,850,861,877,875,869,832,869,876,857,863,831,713
Samsung Galaxy A25 5G,26999,8,5000,50,6.5,,356,344,385,344,357,310,356,451,356,428,383,388,378,597
Vivo V29e (8GB RAM + 256GB),27648,8,5000,64,6.78,,175,173,159,173,170,188,175,266,175,244,205,216,224,451
Xiaomi Redmi 12C (4GB RAM + 128GB),6479,4,5000,50,6.71,,578,554,531,554,592,659,578,347,578,470,509,497,505,55
Poco C51,5498,4,5000,8,6.52,,746,740,735,740,750,786,746,756,746,762,739,749,716,427
Xiaomi Redmi 12C,6583,4,5000,50,6.71,,579,555,533,555,594,657,579,358,579,480,511,502,507,66
Xiaomi Redmi 12 4G,9499,4,5000,50,6.79,,587,559,577,559,591,612,587,493,587,634,579,570,539,238
Realme C55 (8GB RAM + 128GB),13734,8,5000,64,6.72,,163,145,131,145,167,237,163,91,163,194,134,126,113,92
Apple iPhone 11,43900,4,3110,12,6.1,,850,846,874,846,851,788,850,855,850,943,858,855,845,932
Vivo Y200 5G (8GB RAM +  256GB),23155,8,4800,64,6.67,,201,186,198,186,201,219,201,219,201,246,217,211,193,349
Samsung Galaxy A15 5G (8GB RAM + 256GB),22499,8,5000,50,6.5,,351,319,369,319,354,348,351,379,351,402,353,351,325,480
Poco M6 5G (6GB RAM + 128GB),10499,6,5000,50,6.74,,455,399,430,399,460,512,455,248,455,441,385,358,361,146
Tecno Pova 5 Pro 5G (8GB RAM + 256GB),15999,8,5000,50,6.78,,253,221,309,221,241,331,253,210,253,334,259,242,235,233
Poco M6 Pro 5G,10699,4,5000,50,6.79,,598,565,590,565,597,607,598,538,598,659,595,588,560,322
Infinix Note 30 5G,11699,4,5000,108,6.78,,170,150,88,150,160,263,170,118,170,131,152,142,97,77
Vivo Y56,16470,8,5000,50,6.58,,314,263,326,263,321,368,314,230,314,351,285,276,259,269
Poco F5,28399,8,5000,64,6.67,,192,194,178,194,190,192,192,282,192,255,224,238,240,476
OPPO F23,22999,8,5000,64,6.72,,177,165,156,165,175,208,177,200,177,229,190,189,172,333
OnePlus 10R 5G,31499,8,5000,50,6.7,,320,335,373,335,291,249,320,485,320,430,375,394,424,644
Jio Bharat B1 4G,1285,0.5,2000,0.3,2.4,,903,912,885,912,911,913,903,888,903,150,891,898,888,758
Tecno Spark 20,10499,8,5000,50,6.56,,275,227,275,227,299,406,275,123,275,253,206,179,189,70
Samsung Galaxy A05s,12999,6,5000,50,6.7,,477,425,457,425,473,503,477,350,477,522,437,417,394,267
Realme Narzo N53,7499,4,5000,50,6.74,,580,556,550,556,593,639,580,409,580,549,544,533,515,115
OnePlus Open 5G,133333,16,4805,64,7.82,,20,73,55,73,20,6,20,270,20,40,30,44,628,721
Samsung Galaxy S23 Ultra (12GB RAM + 512GB),103990,12,5000,200,6.8,,5,14,5,14,3,4,5,25,5,12,8,8,15,171
Realme GT Neo 3 5G (12GB RAM + 256GB),25554,12,4500,50,6.7,,124,100,175,100,119,144,124,163,124,145,124,116,105,295
Motorola Edge 30 5G,23990,6,4020,50,6.5,,584,609,650,609,584,567,584,637,584,697,649,636,618,710
Google Pixel 7 Pro 5G,63999,12,5000,50,6.7,,108,157,126,157,95,58,108,459,108,165,144,182,421,720
Samsung Galaxy S20 Ultra,69990,12,5000,108,6.9,,25,32,22,32,28,29,25,75,25,32,26,26,78,359
Realme 12 Pro Plus 5G (8GB RAM + 256GB),31999,8,5000,64,6.7,,190,218,182,218,184,182,190,335,190,267,242,251,271,555
Samsung Galaxy S24 Ultra (12GB RAM + 512GB),139999,12,5000,200,6.8,,7,17,7,17,5,2,7,38,7,14,10,13,40,316
Apple iPhone 15 Plus (256GB),92990,6,4383,48,6.7,,568,753,655,753,557,191,568,692,568,740,673,675,833,889
Samsung Galaxy F14 5G,9490,4,6000,50,6.6,,551,520,499,520,570,585,551,436,551,573,504,510,475,188
Oppo Reno 8T,38999,8,4800,108,6.7,,77,87,59,87,87,67,77,127,77,91,84,87,87,344
Vivo V25 5G,21490,8,4500,64,6.44,,250,251,241,251,251,291,250,231,250,277,265,250,216,347
Realme GT 2 Pro 5G,32500,8,5000,50,6.7,,322,341,375,341,293,242,322,503,322,436,382,405,437,663
Xiaomi Redmi 13C (6GB RAM + 128GB),8798,6,5000,50,6.74,,440,384,412,384,453,527,440,181,440,372,334,317,337,74
Tecno Spark 20C,8999,8,5000,50,6.6,,244,210,245,210,271,409,244,90,244,217,180,156,165,37
Samsung Galaxy F34 5G (8GB RAM + 128GB),17860,8,6000,50,6.5,,211,174,204,174,216,257,211,201,211,302,200,205,196,254
Realme Narzo 60 5G (8GB RAM +256GB),20898,8,5000,64,6.43,,214,191,191,191,222,244,214,193,214,232,211,203,167,300
Vivo T2 5G (8GB RAM + 128GB),17999,8,4500,64,6.38,,258,240,237,240,273,325,258,178,258,251,255,221,175,253
Poco M4 5G,9799,4,5000,50,6.58,,621,597,596,597,633,664,621,523,621,649,599,592,564,279
Google Pixel 7 5G,43999,8,4355,50,6.3,,442,549,532,549,422,314,442,642,442,564,548,564,639,777
Vivo Y28 5G (6GB RAM + 128GB),15499,6,5000,50,6.56,,511,481,497,481,518,514,511,435,511,575,491,483,440,400
OPPO A59 5G (6GB RAM + 128GB),15499,6,5000,13,6.56,,702,680,704,680,694,707,702,713,702,800,703,698,662,780
Nokia G42 5G (8GB RAM + 256GB),16235,8,5000,50,6.56,,319,266,327,266,329,374,319,226,319,349,286,275,254,258
Tecno Camon 20 Pro 5G (8GB RAM + 256GB),19999,8,5000,64,6.67,,181,162,150,162,182,217,181,165,181,223,182,174,146,257
Xiaomi Redmi Note 12 4G (6GB RAM + 128GB),12999,6,5000,50,6.67,,480,434,460,434,480,506,480,353,480,527,440,422,397,271
Vivo V27 Pro,34480,8,4600,50,6.78,,362,378,431,378,338,255,362,542,362,474,428,442,489,693
iQOO Neo 7 5G,33999,8,5000,64,6.78,,179,215,173,215,172,174,179,359,179,268,236,256,291,582
OnePlus Nord CE 2 5G (8GB RAM + 128GB),21982,8,4500,64,6.43,,255,258,244,258,257,290,255,246,255,281,272,258,222,365
Poco X5 Pro,19898,6,5000,108,6.67,,144,109,77,109,150,156,144,92,144,114,103,100,79,160
Apple iPhone SE 3 2022,30730,4,2942,12,4.7,,870,864,886,864,876,861,870,862,870,955,869,869,841,929
Tecno Pop 8,6599,4,5000,12,6.56,,731,714,723,714,734,768,731,711,731,776,721,725,698,498
Tecno Spark 10 Pro Moon Explorer Edition,8999,8,5000,50,6.8,,218,172,228,172,223,377,218,83,218,210,153,136,153,31
Lava Blaze 5G (8GB RAM + 128GB),9999,8,5000,50,6.5,,280,233,273,233,320,420,280,113,280,243,202,177,187,61
iQOO Neo 7 Pro (12GB RAM + 256GB),33999,12,5000,50,6.78,,94,94,118,94,83,93,94,203,94,140,114,117,112,425
Google Pixel 8 Pro,106999,12,5050,50,6.7,,106,392,127,392,93,42,106,613,106,176,166,255,684,814
Xiaomi Redmi Note 11 (6GB RAM + 128GB),11565,6,5000,50,6.43,,517,480,474,480,532,563,517,318,517,508,449,426,398,209
OnePlus Nord CE 5G (12GB RAM + 256GB),24990,12,4500,64,6.43,,89,81,109,81,81,126,89,93,89,121,90,83,80,190
Motorola Moto G60,14890,6,6000,108,6.78,,87,66,32,66,125,143,87,36,87,86,55,57,41,43
Realme GT 5G,23900,8,4500,64,6.43,,262,273,252,273,263,275,262,277,262,293,284,283,245,428
OPPO F21 Pro 5G,22779,8,4500,64,6.43,,260,265,248,265,259,282,260,264,260,287,276,270,232,397
Samsung Galaxy M31s,14990,6,6000,64,6.5,,283,236,161,236,362,364,283,177,283,301,233,232,205,191
Infinix Smart 8 (8GB RAM + 128 GB),8299,8,5000,50,6.6,,232,204,232,204,258,416,232,74,232,206,159,139,159,21
Jio Bharat V2,999,0.5,1000,0.3,1.77,,911,951,891,951,895,953,911,890,911,45,906,900,931,810
Nokia C32,6999,4,5000,50,6.52,,602,589,562,589,629,699,602,400,602,540,549,540,529,90
Realme C55,8999,4,5000,64,6.72,,528,494,366,494,542,572,528,313,528,418,451,432,388,127
Realme 10 Pro Plus,24999,6,5000,108,6.7,,145,119,80,119,148,153,145,133,145,123,112,115,91,262
Tecno Spark Go 2024,6799,3,5000,13,6.56,,779,758,763,758,777,802,779,750,779,821,764,763,745,618
itel P55 5G (6GB RAM + 128GB),10499,6,5000,50,6.6,,479,429,439,429,486,546,479,262,479,451,401,377,373,156
Xiaomi Redmi A3 (6GB RAM + 128GB),9299,6,5000,8,6.71,,696,670,707,670,667,715,696,728,696,767,700,705,657,671
Realme C51,7990,4,5000,50,6.74,,583,558,564,558,599,632,583,434,583,582,558,548,524,140
itel S23,6997,8,5000,50,6.6,,220,193,215,193,246,422,220,54,220,182,135,118,147,9
Xiaomi Redmi Note 12 Pro (8GB RAM + 256GB),20654,8,5000,50,6.67,,293,275,341,275,289,321,293,321,293,374,310,313,294,406
Google Pixel 8 5G,75999,8,4575,50,6.2,,443,669,523,669,423,176,443,666,443,586,574,626,743,847
OnePlus Nord 2T 5G,28990,8,4500,50,6.43,,412,428,469,428,393,373,412,521,412,496,467,466,452,655
Poco X4 Pro 5G,13990,6,5000,64,6.67,,377,316,255,316,403,433,377,211,377,339,304,291,263,200
Vivo V29 Pro (12GB RAM + 256GB),40990,12,4600,50,6.78,,118,128,172,128,111,94,118,309,118,164,141,154,174,578
Vivo Y17s,10499,4,5000,50,6.56,,630,608,606,608,651,662,630,547,630,661,610,602,570,327
OPPO A38,10999,4,5000,50,6.56,,633,615,610,615,652,655,633,561,633,672,617,612,579,361
Motorola Moto E13 (8GB RAM + 128GB),7499,8,5000,13,6.5,,558,538,679,538,474,604,558,656,558,624,628,635,558,214
Realme 11 Pro (8GB RAM + 256GB),24999,8,5000,100,6.7,,91,76,68,76,123,118,91,66,91,96,74,76,65,162
Motorola Razr 40,43490,8,4200,64,6.9,,226,340,279,340,205,175,226,510,226,333,341,373,466,709
Vivo Y36 4G,11999,8,5000,50,6.64,,265,222,285,222,275,390,265,145,265,288,225,193,199,114
Realme 10,11299,4,5000,50,6.4,,665,646,637,646,691,695,665,582,665,687,643,634,601,407
Samsung Galaxy A53 (8GB RAM + 256GB),29999,8,5000,64,6.5,,213,239,197,239,210,203,213,323,213,276,254,271,267,533
Samsung Galaxy M04,7197,4,5000,13,6.5,,740,721,726,721,746,765,740,706,740,786,726,726,699,568
Realme Narzo 60 Pro 5G,23399,8,5000,100,6.7,,88,72,65,72,120,127,88,58,88,94,70,72,58,141
Ringme R1 R33,899,0.0312,900,0.3,1.44,,916,966,919,966,890,966,916,930,916,26,939,921,955,876
Vivo V23 5G,25990,8,4200,64,6.44,,318,320,311,320,316,300,318,354,318,320,333,331,286,519
Samsung Galaxy A33 5G,20385,6,5000,48,6.4,,548,539,565,539,559,536,548,563,548,647,569,566,523,616
OnePlus 9R (12GB RAM + 256GB),31990,12,4500,48,6.55,,138,132,217,132,131,147,138,268,138,185,156,160,133,471
Samsung Galaxy F62 (8GB RAM + 128GB),30999,8,7000,64,6.7,,131,116,99,116,151,137,131,175,131,186,104,128,123,377
Lava Blaze 2 5G,9999,4,5000,50,6.5,,639,623,605,623,668,681,639,535,639,658,607,601,569,296
Apple iPhone 15 Pro Max (512GB),171990,8,4422,48,6.7,,416,828,541,828,381,50,416,695,416,612,591,670,961,916
OnePlus Nord N20 SE (4GB RAM + 128GB),12938,4,5000,50,6.56,,653,633,636,633,663,637,653,606,653,710,648,642,607,505
Tecno Spark 10 Pro,9499,8,5000,50,6.8,,219,177,235,177,224,372,219,95,219,221,170,149,158,41
Tecno Camon 20 Premier,25999,8,5000,108,6.67,,66,62,48,62,77,87,66,56,66,80,61,63,47,154
iQOO 11 (16GB RAM + 256GB),44999,16,5000,50,6.78,,36,30,91,30,26,40,36,131,36,64,46,50,64,348
Vivo Y16 (4GB RAM + 64GB),8999,4,5000,13,6.51,,753,730,744,730,756,751,753,729,753,827,742,741,712,699
Poco M5 (6GB RAM + 128GB),8760,6,5000,50,6.58,,462,418,422,418,483,557,462,195,462,387,359,333,354,82
Vivo Y22,11990,4,5000,50,6.55,,649,629,630,629,664,648,649,595,649,695,640,629,597,446
Samsung Galaxy A23 5G,18999,6,5000,50,6.6,,515,497,515,497,514,485,515,507,515,605,521,514,474,547
OPPO A57 4G (4GB RAM + 64 GB),7919,4,5000,13,6.56,,739,713,734,713,739,748,739,718,739,806,730,732,703,627
Realme 10 Pro,19499,6,5000,108,6.72,,137,106,74,106,144,154,137,89,137,112,101,97,76,150
Samsung Galaxy S22 Plus 5G,54898,8,4500,50,6.6,,394,547,483,547,375,205,394,653,394,545,516,557,648,801
Samsung Galaxy S21 Ultra,92999,12,5000,108,6.8,,28,56,24,56,33,17,28,132,28,34,28,40,142,557
Jio JioPhone,2399,0.5,2000,2,2.4,,940,907,938,907,949,902,940,886,940,859,908,907,885,884
Poco X6 5G (12GB RAM + 256GB),21999,12,5100,64,6.67,,44,41,97,41,45,82,44,49,44,99,59,56,51,110
Samsung Galaxy A14 5G (4GB RAM + 128GB),14499,4,5000,50,6.6,,652,634,641,634,646,616,652,631,652,720,654,649,616,583
Samsung Galaxy A25 5G (8GB RAM + 256GB),29999,8,5000,50,6.5,,361,367,391,367,358,295,361,484,361,443,395,414,420,636
Xiaomi Redmi 13C (8GB RAM + 256GB),11499,8,5000,50,6.74,,236,195,267,195,236,370,236,130,236,269,199,180,188,89
JIo JioPhone Prima 4G,2599,0.5,1800,0.3,2.4,,951,914,949,914,955,914,951,894,951,914,932,938,902,911
Realme Narzo N53 (8GB RAM + 128GB),8919,8,5000,50,6.74,,222,183,230,183,225,392,222,86,222,211,157,141,155,30
Vivo Y27 4G,11399,6,5000,50,6.64,,478,426,444,426,482,528,478,293,478,477,410,389,377,186
Xiaomi Redmi A2 (4GB RAM + 64GB),6799,4,5000,8,6.52,,762,744,759,744,762,784,762,770,762,807,757,766,726,630
Xiaomi Redmi A2,5499,2,5000,8,6.52,,822,808,826,808,818,845,822,829,822,848,818,825,795,676
Samsung Galaxy Z Fold 5,154999,12,4400,50,7.6,,81,571,185,571,53,20,81,655,81,173,155,277,837,862
Xiaomi Redmi Note 12 Pro Plus,27999,8,4980,200,6.67,,16,12,17,12,17,22,16,11,16,21,16,15,11,16
Nokia 2660 Flip,4399,0.0469,1450,0.3,2.8,,962,923,967,923,963,915,962,953,962,964,962,961,918,957
Xiaomi Redmi K50i 5G,24999,6,5080,64,6.6,,401,383,296,383,414,389,401,452,401,439,402,423,384,584
Vivo T1 44W (6GB RAM + 128GB),18049,6,5000,50,6.44,,529,511,526,511,540,522,529,502,529,611,533,526,476,528
OPPO Reno 8 Pro 5G,33999,12,4500,50,6.7,,129,120,195,120,122,129,129,250,129,162,142,140,128,474
OPPO Reno8 5G,26990,8,4500,50,6.43,,409,408,466,408,392,388,409,498,409,485,459,449,430,624
Google Pixel 6A,43999,6,4410,12.2,6.14,,750,785,766,785,727,704,750,820,750,890,789,791,821,903
Vivo V23 Pro 5G,29990,8,4300,108,6.56,,101,93,84,93,126,120,101,105,101,92,91,92,75,260
OnePlus 9RT 5G,29990,8,4500,50,6.62,,378,391,451,391,368,326,378,520,378,481,446,445,450,662
Samsung Galaxy M51,19990,6,7000,64,6.7,,173,154,111,154,193,210,173,209,173,261,162,187,169,287
Poco C65 (8GB RAM + 256GB),8999,8,5000,50,6.74,,223,185,233,185,226,391,223,88,223,212,161,143,157,32
itel P55 Plus,9999,8,5000,50,6.6,,256,219,262,219,277,403,256,106,256,235,192,169,177,52
Oppo A18,9799,4,5000,8,6.56,,770,751,791,751,769,775,770,794,770,862,780,784,741,781
Motorola Moto G14,8499,4,5000,50,6.5,,622,605,588,605,660,694,622,472,622,618,584,577,555,183
Tecno Camon 20,12999,8,5000,64,6.67,,167,151,129,151,173,252,167,82,167,192,128,121,110,79
OnePlus 11 (16GB RAM + 256GB),57998,16,5000,50,6.7,,38,34,94,34,30,37,38,189,38,73,54,62,100,529
Vivo Y100 5G,21800,8,4500,64,6.38,,270,268,250,268,278,302,270,249,270,286,275,267,225,364
Apple iPhone 14 (256GB),68999,6,3279,12,6.1,,799,841,832,841,793,700,799,849,799,925,834,834,856,940
Realme 9i 5G,11990,4,5000,50,6.6,,631,612,621,612,634,634,631,587,631,688,630,622,592,434
Realme GT Neo 3T,25999,6,5000,64,6.62,,407,395,310,395,419,386,407,468,407,448,415,437,403,608
Xiaomi 12 Pro 5G (12GB RAM + 256GB),84999,12,4600,50,6.73,,128,308,199,308,118,53,128,579,128,190,188,253,644,790
Samsung Galaxy F23 5G (6GB RAM + 128GB),17999,6,5000,50,6.6,,513,487,505,487,513,490,513,482,513,599,510,505,467,510
Samsung Galaxy Z Flip 4 5G,58999,8,3700,12,6.7,,684,742,741,742,565,483,684,811,684,818,744,742,823,908
Samsung Galaxy M52 5G (8GB RAM + 128GB),21990,8,5000,64,6.7,,180,164,155,164,176,211,180,185,180,226,187,185,163,307
OnePlus Nord 2 5G (12GB RAM + 256GB),34999,12,4500,50,6.43,,143,137,211,137,135,141,143,283,143,180,163,166,145,526
CAT S22 Flip,8900,2,2000,5,4,,912,879,946,879,923,881,912,880,912,963,885,883,857,919
Apple iPhone 12 Mini,59900,4,3279,12,5.4,,862,865,878,865,868,790,862,868,862,953,867,867,867,952
Apple iPhone 12 (128GB),50999,4,2915,12,6.1,,858,853,882,853,858,780,858,864,858,951,866,864,858,943
Realme 7 Pro (8GB RAM + 128GB),15799,8,4500,64,6.4,,243,225,226,225,254,338,243,154,243,228,232,194,149,180
BlackZone Winx 4G,3100,2,3000,5,2.8,,899,882,894,882,920,883,899,875,899,855,878,877,848,793
itel A70 4G,6799,4,5000,13,6.6,,724,702,716,702,721,747,724,696,724,775,715,714,686,496
Apple iPhone 15 Pro (256GB),137990,8,3274,48,6.1,,575,831,675,831,544,133,575,725,575,705,678,683,890,915
OPPO A58 4G,12999,6,5000,50,6.72,,474,420,455,420,468,497,474,346,474,519,431,416,393,265
Xiaomi Redmi 12C (6GB RAM + 128GB),8799,6,5000,50,6.71,,447,389,413,389,459,535,447,184,447,378,342,322,339,75
Realme Narzo N55,10499,4,5000,64,6.72,,537,502,392,502,548,569,537,383,537,478,484,472,408,202
Vivo V27 Pro (12GB RAM + 256GB),39490,12,4600,50,6.78,,117,121,167,121,110,97,117,295,117,159,139,150,160,558
Samsung Galaxy A14 4G,9099,4,5000,50,6.6,,615,588,587,588,623,666,615,490,615,632,587,582,554,225
Tecno Phantom V Fold,69899,12,5000,50,7.85,,42,105,110,105,40,45,42,402,42,135,97,119,406,705
Samsung Galaxy A14 5G (6GB RAM + 128GB),15490,6,5000,50,6.6,,502,472,489,472,504,504,502,432,502,571,482,476,436,394
Tecno Spark 9 (4GB RAM + 64GB),5999,4,5000,13,6.6,,721,700,711,700,718,756,721,685,721,757,706,708,679,353
Nothing Phone 1 (8GB RAM + 256GB),32999,8,4500,50,6.55,,391,433,464,433,379,320,391,554,391,504,468,482,496,696
OnePlus 10T,36890,8,4800,50,6.7,,353,386,415,386,335,238,353,556,353,469,416,448,501,711
Tecno Spark 9T,6299,4,5000,50,6.6,,581,569,536,569,609,688,581,344,581,462,515,504,512,51
Samsung Galaxy A23,13999,6,5000,50,6.6,,494,460,480,460,497,516,494,391,494,548,466,446,417,320
Xiaomi Redmi Note 11T 5G (8GB RAM + 128GB),15999,8,5000,50,6.6,,296,254,320,254,310,367,296,221,296,342,278,262,250,246
Realme 9 Pro Plus 5G,22900,6,4500,50,6.4,,564,564,595,564,579,556,564,611,564,664,603,599,577,681
Apple iPhone 13 (256GB),62999,4,3240,12,6.1,,847,857,873,857,849,733,847,866,847,948,862,862,864,949
Poco X3 Pro (8GB RAM + 128GB),18990,8,5160,48,6.67,,290,261,336,261,285,333,290,302,290,373,302,301,280,346
Xiaomi Redmi Note 10S,14999,6,5000,64,6.43,,418,369,289,369,438,455,418,257,418,366,350,339,284,264
Vivo Y28 5G (8GB RAM + 128GB),16999,8,5000,50,6.56,,325,270,331,270,330,369,325,253,325,355,293,286,265,285
Infinix Smart 8 HD,6298,3,5000,13,6.6,,772,754,756,754,772,798,772,740,772,805,752,758,738,562
Apple iPhone 15 (512GB),99990,6,3349,48,6.1,,695,826,684,826,704,332,695,743,695,758,698,712,851,906
Xiaomi Redmi Note 12 Pro (12GB RAM + 256GB),22999,12,5000,50,6.67,,99,82,115,82,90,134,99,122,99,134,102,95,94,204
Realme C53 (6GB RAM + 64GB),8847,6,5000,108,6.74,,121,83,57,83,138,172,121,18,121,72,57,49,43,5
Infinix Hot 30 5G,11899,4,6000,50,6.78,,546,505,516,505,547,568,546,504,546,623,535,541,494,328
Itel P40 Plus,7199,4,7000,13,6.8,,670,645,687,645,587,705,670,675,670,745,677,677,651,358
Motorola Razr 40 Ultra,64999,8,3800,13,6.9,,676,732,724,732,531,438,676,803,676,808,733,731,826,910
POCO X5 5G (8GB RAM + 256GB),20999,8,5000,48,6.67,,335,296,382,296,325,340,335,365,335,409,337,338,316,447
Infinix Hot 30i,8499,8,5000,50,6.6,,234,207,238,207,266,413,234,78,234,209,168,145,162,27
Motorola Moto E13 (4GB RAM + 64GB),6489,4,5000,13,6.5,,729,715,715,715,740,772,729,693,729,771,714,715,688,457
Motorola Moto E13,5800,2,5000,13,6.5,,809,794,797,794,813,834,809,790,809,837,799,803,779,625
Infinix Note 12i (2022),7788,4,5000,50,6.7,,585,563,563,563,605,647,585,430,585,572,556,546,525,130
Vivo Y35,15990,8,5000,50,6.58,,308,259,323,259,317,371,308,223,308,344,281,265,251,247
Infinix Zero Ultra,36999,8,4500,200,6.8,,18,15,18,15,19,18,18,15,18,23,18,18,13,58
Realme GT Neo 3 Thor Limited Edition,25999,12,5000,50,6.7,,97,85,116,85,88,128,97,142,97,136,105,102,102,272
OnePlus Nord N20 SE,11999,4,5000,50,6.56,,645,626,628,626,658,645,645,594,645,694,637,628,596,444
Motorola Edge 30 Fusion 5G,34999,8,4400,50,6.55,,405,463,485,463,387,318,405,581,405,524,488,500,517,715
Realme GT Neo 3 5G,25150,8,5000,50,6.7,,303,299,355,299,284,283,303,406,303,406,340,347,341,542
Xiaomi Redmi Note 11,10899,4,5000,50,6.43,,662,642,631,642,679,693,662,569,662,679,632,624,591,367
Apple iPhone 13 Pro Max (1TB),179900,6,4352,12,6.7,,717,875,782,875,705,140,717,857,717,904,801,812,967,964
Realme GT Master Edition 5G,23999,8,4300,64,6.43,,287,297,287,297,301,301,287,304,287,307,309,302,261,452
Realme 8 5G (8GB RAM + 128GB),17150,8,5000,48,6.5,,360,305,380,305,363,397,360,286,360,383,326,318,285,312
iQOO 9 5G,31990,8,4350,48,6.56,,426,466,527,466,396,361,426,577,426,544,502,506,504,704
Samsung Galaxy S21,69999,8,4000,64,6.2,,390,638,418,638,385,173,390,657,390,421,512,560,665,818
Samsung Galaxy S20,34999,8,4000,64,6.2,,379,450,396,450,382,305,379,509,379,370,441,439,431,684
Motorola Edge Plus,49999,12,5000,108,6.7,,30,25,26,25,36,33,30,47,30,30,24,24,28,206
Apple iPhone 12 Pro,109900,6,3500,12,6.1,,792,863,821,863,786,495,792,854,792,924,835,841,959,958
Snexian Rock 15,2500,0.0312,2500,0.3,2.4,,945,913,952,913,951,906,945,939,945,893,942,944,896,917
Samsung Galaxy S24 (8GB RAM + 512GB),89999,8,4000,50,6.2,,508,695,600,695,451,169,508,673,508,631,634,669,814,874
Micromax X1i Smart,1280,0.0312,1200,0.08,2.4,,928,935,902,935,921,938,928,949,928,203,937,937,925,866
Samsung Galaxy A05 (6GB RAM + 128GB),10999,6,5000,50,6.7,,460,407,437,407,467,517,460,271,460,456,398,375,370,167
Lava Blaze 2 5G (6GB RAM + 128GB),10973,6,5000,50,6.5,,495,459,456,459,522,558,495,292,495,475,424,400,383,173
itel P55 5G,9646,4,5000,50,6.6,,619,592,591,592,624,660,619,516,619,644,596,589,562,266
Tecno Spark 10 5G (8GB RAM + 128GB),11999,8,5000,50,6.56,,282,234,295,234,308,400,282,147,282,294,243,202,204,118
Vivo V27 (12GB RAM + 256GB),35999,12,4600,50,6.78,,115,114,163,114,109,111,115,256,115,154,131,133,134,491
Lava Blaze 5G (6GB RAM + 128GB),9799,6,5000,50,6.5,,485,451,440,451,520,561,485,235,485,433,399,372,372,126
iKall Z19 Pro,6915,4,5000,13,6.5,,735,719,720,719,743,769,735,701,735,780,720,721,695,532
Samsung Galaxy A04e (3GB RAM + 64GB),8999,3,5000,13,6.5,,790,771,790,771,797,799,790,774,790,870,783,783,756,746
Samsung Galaxy M04 (4GB RAM + 128GB),6999,4,5000,13,6.5,,737,720,722,720,744,767,737,702,737,783,722,722,697,543
Vivo Y22 (6GB RAM + 128GB),14999,6,5000,50,6.55,,510,478,491,478,519,520,510,423,510,566,483,474,433,373
Nokia 8210 4G,3715,0.0469,1450,0.3,2.8,,959,918,962,918,960,916,959,945,959,960,958,958,915,946
iQOO 11 5G,46990,8,5000,50,6.78,,307,417,386,417,264,187,307,602,307,465,408,465,606,748
Xiaomi Redmi 10A (4GB RAM + 64GB),8199,4,5000,13,6.53,,748,725,737,725,748,754,748,721,748,811,735,735,707,647
OPPO F21 Pro 4G,16899,8,4500,64,6.5,,228,213,223,213,230,307,228,161,228,231,229,197,156,207
Samsung Galaxy A33 5G (8GB RAM + 128GB),21990,8,5000,48,6.4,,376,351,411,351,373,385,376,404,376,437,388,382,351,499
Poco F4 5G,27999,6,4500,64,6.67,,441,473,390,473,441,418,441,533,441,511,489,498,468,661
Realme 9i (4GB RAM + 128GB),8999,4,5000,50,6.6,,613,587,586,587,622,667,613,486,613,627,585,580,553,216
OnePlus Nord CE 2 5G,20998,6,4500,64,6.43,,475,474,400,474,475,468,475,450,475,479,472,467,399,536
Samsung Galaxy A13,11999,4,5000,50,6.6,,632,613,622,613,636,633,632,588,632,689,631,623,593,435
Samsung Galaxy Z Fold 4,119699,12,4400,50,7.6,,79,377,180,377,52,32,79,626,79,170,151,231,758,827
Lava Agni 5G,15990,8,5000,64,6.78,,162,148,136,148,164,221,162,117,162,202,147,135,117,147
Samsung Galaxy A53 5G,25999,6,5000,64,6.5,,429,422,317,422,431,404,429,476,429,455,436,450,414,610
Vivo X80 5G,54999,8,4500,50,6.78,,372,528,462,528,353,189,372,648,372,537,495,543,646,795
Poco M4 Pro 5G,12450,4,5000,50,6.6,,637,618,629,618,639,628,637,598,637,700,642,633,600,462
Samsung Galaxy A52s 5G (8GB RAM + 128GB),32900,8,4500,64,6.5,,257,318,261,318,243,222,257,412,257,317,315,340,333,614
Jio JioPhone Next,4599,2,3500,13,5.45,,863,849,830,849,871,870,863,822,863,857,847,848,825,657
OnePlus 9R 5G,29990,8,4500,48,6.55,,411,431,492,431,389,359,411,545,411,528,473,486,479,677
Samsung Galaxy Z Flip 3,45999,8,3300,12,6.7,,700,716,765,716,577,571,700,799,700,826,760,745,785,892
Xiaomi Mi A3,11499,4,4030,48,6.08,,711,690,680,690,723,724,711,652,711,746,682,674,645,567
Apple iPhone 6s (32GB),29990,2,1715,12,4.7,,896,878,942,878,903,877,896,879,896,966,883,880,869,955
Snexian Rock Z,2700,0.0312,3000,0.3,2.4,,938,898,955,898,947,893,938,936,938,913,938,942,882,918
Nokia C32 (6GB RAM + 128 GB),7899,6,5000,50,6.52,,465,427,414,427,490,564,465,166,465,354,336,316,348,49
Lava Blaze Pro 5G,12799,8,5000,50,6.78,,237,198,278,198,232,355,237,151,237,295,218,190,197,128
iKall S2,9299,6,6000,21,6.8,,559,526,670,526,527,593,559,621,559,685,592,598,585,289
Oppo A78 4G,15499,8,5000,50,6.43,,344,287,334,287,359,401,344,224,344,348,294,280,257,240
Nokia C32 (4GB RAM + 128 GB),7279,4,5000,50,6.52,,606,591,570,591,635,698,606,413,606,553,561,553,532,109
Realme Narzo N53 (6GB RAM + 128GB),9700,6,5000,50,6.74,,449,390,421,390,457,519,449,217,449,413,362,341,353,116
Vivo X90 (12GB RAM + 256GB),49990,12,4810,50,6.78,,109,135,138,135,98,72,109,377,109,160,138,164,266,643
Itel MagicX Pro,1668,0.0625,2500,0.3,2.4,,927,905,925,905,930,908,927,911,927,636,917,922,891,861
Samsung Galaxy Z Flip 5,99899,8,3700,12,6.7,,688,820,746,820,567,287,688,831,688,828,763,768,861,941
Realme GT Neo 3T (8GB RAM + 128GB),25999,8,5000,64,6.62,,195,187,179,187,194,207,195,254,195,249,216,222,215,424
Apple iPhone 14 Plus (256GB),75999,6,4325,12,6.7,,715,817,777,817,707,509,715,839,715,891,788,793,849,933
iQOO Z6 Lite 5G,12995,4,5000,50,6.58,,650,631,635,631,654,629,650,605,650,709,645,640,605,508
Vivo V25 Pro (12GB RAM + 256GB),32955,12,4830,64,6.56,,74,75,105,75,58,77,74,125,74,120,85,86,93,298
Xiaomi Redmi 11 Prime 5G,10960,4,5000,50,6.58,,629,606,608,606,644,650,629,559,629,670,614,608,575,352
OnePlus Nord 2T (12GB RAM + 256GB),33998,12,4500,50,6.43,,141,134,210,134,134,142,141,273,141,175,158,163,140,504
Motorola Moto G32,10950,4,5000,50,6.55,,636,617,613,617,656,661,636,560,636,671,619,614,580,357
Vivo T1 44W,14499,4,5000,50,6.44,,673,657,648,657,689,656,673,634,673,726,661,657,623,596
Motorola Moto G62 5G,15779,6,5000,50,6.55,,514,484,498,484,521,515,514,444,514,579,496,489,445,411
iQOO Z6 5G (8GB RAM + 128GB),17999,8,5000,50,6.58,,323,274,333,274,327,356,323,272,323,362,299,295,269,317
Realme 9 5G,13999,4,5000,48,6.5,,678,658,663,658,690,673,678,638,678,732,664,660,631,588
Samsung Galaxy S22 Ultra 5G (12GB RAM + 512GB),94999,12,5000,108,6.8,,29,64,25,64,34,16,29,134,29,35,29,43,154,569
Xiaomi Redmi Note 11S (8GB RAM + 128GB),13870,8,5000,108,6.43,,73,54,46,54,91,135,73,20,73,52,41,32,24,17
Samsung Galaxy M33 5G,16998,6,6000,50,6.6,,413,359,365,359,424,437,413,387,413,499,384,391,365,381
Vivo X80 Pro 5G,79999,12,4700,50,6.78,,116,246,170,246,107,54,116,549,116,187,178,233,624,778
OPPO Reno7 Pro 5G,32950,12,4500,50,6.55,,132,129,200,129,129,139,132,251,132,167,149,151,124,467
Xiaomi Mi 11 Lite NE 5G,22999,6,4250,64,6.55,,481,490,423,490,472,461,481,492,481,514,507,499,439,602
Xiaomi 12 Pro 5G,55999,8,4600,50,6.73,,370,532,448,532,355,185,370,649,370,530,490,542,647,799
Vivo X70 Pro Plus 5G,52999,12,4500,50,6.78,,126,149,202,149,114,74,126,429,126,181,164,183,320,685
Realme 8 (8GB RAM + 128GB),14490,8,5000,64,6.4,,203,169,152,169,220,286,203,110,203,204,165,155,121,125
Xiaomi Redmi Note 10 Pro Max (6GB RAM + 128GB),18820,6,5020,108,6.67,,142,107,76,107,147,157,142,80,142,109,99,96,74,136
Samsung Galaxy S21 Plus,49000,8,4800,64,6.7,,210,349,220,349,202,159,210,517,210,315,298,362,498,722
Xiaomi Mi 10T 5G,19999,6,5000,64,6.67,,386,355,282,355,409,411,386,366,386,403,368,370,324,430
Apple iPhone 11 (128GB),48900,4,3110,12,6.1,,853,850,876,850,853,776,853,859,853,947,861,860,850,939
Google Pixel 3a,13999,4,3000,12.2,5.6,,860,839,860,839,864,857,860,826,860,937,853,847,818,867
Apple iPhone XR,47900,3,2942,12,6.1,,864,860,896,860,866,822,864,873,864,957,868,868,860,945
itel P55T,7999,4,6000,50,6.56,,547,519,475,519,572,596,547,371,547,506,469,478,462,113
Tecno Spark Go 2024 (4GB RAM + 128GB),7299,4,5000,13,6.56,,733,708,725,708,736,755,733,705,733,787,724,723,696,575
Samsung Galaxy S24 Plus (12GB RAM + 512GB),109999,12,4900,50,6.7,,113,439,143,439,102,41,113,622,113,188,181,282,718,819
Lava Yuva 3,6799,4,5000,13,6.5,,734,718,718,718,742,770,734,699,734,778,717,719,693,513
Ringme R1 Plus Tejas,850,0.0312,3000,0.3,2.4,,871,894,840,894,869,898,871,895,871,24,882,887,875,220
Samsung Galaxy A05s (4GB RAM + 128GB),11499,4,5000,50,6.7,,617,585,604,585,616,618,617,565,617,675,612,605,573,385
Vivo Y17s (4GB RAM + 128 GB),11499,4,5000,50,6.56,,640,620,618,620,655,651,640,576,640,684,625,619,588,405
Xiaomi Redmi 12 4G (6GB RAM + 128GB),10498,6,5000,50,6.79,,448,385,426,385,447,499,448,241,448,435,378,352,359,142
Vivo Y56 5G (4GB RAM + 128GB),15050,4,5000,50,6.58,,658,641,644,641,662,617,658,636,658,725,657,653,621,606
Xiaomi Redmi A2 (2GB RAM + 64GB),5299,2,5000,8,6.52,,820,806,818,806,816,847,820,825,820,842,815,821,793,646
Realme 11 Pro (12GB RAM + 256GB),27999,12,5000,100,6.7,,35,23,30,23,39,48,35,24,35,38,23,23,19,67
Poco F5 (12GB RAM + 256GB),30999,12,5000,64,6.67,,55,65,103,65,50,70,55,103,55,113,77,77,83,248
Nokia 110 4G 2023,2249,0.125,1450,0.3,1.8,,961,950,960,950,962,948,961,928,961,879,955,956,938,930
Tecno Spark 10 5G (8GB RAM + 256GB),12999,8,5000,50,6.56,,286,241,306,241,312,395,286,164,286,310,253,219,218,148
Poco X5 Pro (8GB RAM + 256GB),28999,8,5000,108,6.67,,68,69,51,69,79,81,68,68,68,83,67,69,52,187
Infinix Zero 5G 2023 Turbo,19999,8,5000,50,6.78,,272,243,325,243,244,304,272,298,272,365,292,292,277,366
Realme 10 (8GB RAM + 128GB),15198,8,5000,50,6.4,,350,290,338,290,364,405,350,218,350,346,295,279,253,232
Xiaomi Redmi Note 12 Pro Plus (12GB RAM + 256GB),29999,12,4980,200,6.67,,10,4,11,4,10,10,10,4,10,8,4,4,4,4
Tecno Phantom X2 Pro,44999,12,5160,50,6.8,,92,112,114,112,73,66,92,296,92,142,116,130,176,586
OPPO Find N2 Flip,69990,8,4300,50,6.8,,384,607,509,607,365,167,384,664,384,559,540,585,687,834
Vivo Y16,9499,3,5000,13,6.51,,794,772,792,772,796,795,794,776,794,877,787,785,757,760
Vivo Y75 4G,17490,8,4050,50,6.44,,434,398,518,398,410,457,434,374,434,446,447,403,350,393
Tecno Spark 10C,7799,8,5000,16,6.6,,539,507,669,507,448,588,539,615,539,597,582,583,510,175
Motorola Edge 30 5G (8GB RAM + 128GB),22980,8,4020,50,6.5,,436,432,538,432,407,432,436,471,436,503,487,456,416,580
Samsung Galaxy F13,9999,4,6000,50,6.6,,554,523,508,523,574,580,554,455,554,590,518,522,486,229
Poco X4 Pro 5G (6GB RAM + 128GB),16990,6,5000,64,6.67,,382,332,269,332,406,426,382,288,382,371,338,336,292,318
Realme Narzo 50,9999,4,5000,50,6.6,,620,594,597,594,625,653,620,530,620,653,600,594,565,288
Samsung Galaxy M53 5G,27499,6,5000,108,6.7,,146,127,82,127,149,151,146,153,146,125,115,123,95,310
Motorola Moto E40,6499,4,5000,48,6.5,,616,614,575,614,661,703,616,398,616,531,554,547,552,73
Realme GT 2 5G,26649,8,5000,50,6.62,,333,324,370,324,323,292,333,437,333,417,361,371,366,581
OnePlus Nord CE 5G,21990,6,4500,64,6.43,,476,479,403,479,476,462,476,465,476,490,480,481,412,566
Realme 9 Pro 5G,18990,6,5000,64,6.6,,398,360,291,360,417,428,398,348,398,397,369,366,317,403
Vivo V21 5G (8GB RAM + 256GB),24490,8,4000,64,6.44,,345,331,342,331,347,330,345,351,345,329,355,337,281,487
Vivo V21 5G,23599,8,4000,64,6.44,,343,327,339,327,346,336,343,329,343,325,351,332,272,465
Xiaomi Mi 11i 5G,24999,6,5160,108,6.67,,136,115,72,115,143,152,136,129,136,119,107,111,88,251
OPPO F19 Pro Plus 5G,27890,8,4310,48,6.43,,437,470,537,470,411,417,437,546,437,543,505,503,478,666
Samsung Galaxy S21 5G (8GB RAM + 256GB),73999,8,4000,64,6.2,,392,656,419,656,386,165,392,661,392,423,519,569,675,825
Xiaomi Mi 11 Lite,13960,6,4250,64,6.55,,459,419,389,419,462,489,459,291,459,401,414,383,322,263
Nokia 225 4G,3449,0.0625,1150,0.3,2.4,,966,938,965,938,966,934,966,951,966,958,965,966,939,953
Samsung Galaxy S20 FE,59999,8,4500,12,6.5,,675,705,700,705,555,456,675,796,675,798,723,730,812,904
POCO M2 Pro,9990,4,5000,48,6.67,,623,599,623,599,627,663,623,541,623,663,606,600,583,299
Xiaomi Redmi Note 10,12764,4,5000,48,6.43,,682,660,662,660,696,697,682,629,682,724,659,656,625,530
Samsung Galaxy S20 Plus,39990,8,4500,64,6.7,,224,328,246,328,214,183,224,467,224,321,313,350,411,682
Xiaomi Redmi 9A,8990,2,5000,13,6.53,,826,800,831,800,821,827,826,821,826,912,822,817,788,798
Samsung Galaxy A32,21999,6,5000,64,6.4,,433,411,318,411,444,431,433,428,433,442,419,428,371,531
Apple iPhone 12 Pro Max,119900,6,3500,12,6.7,,758,859,812,859,717,394,758,852,758,917,821,822,962,959
Apple iPhone 11 Pro Max,109900,4,3500,12,6.5,,836,873,865,873,835,576,836,872,836,942,854,859,964,963
Samsung Metro 313,1679,0.0098,1000,0.3,2,,956,954,943,954,953,954,956,961,956,737,957,957,944,923
Foneme Flip FM 1,1700,0.0312,2000,1,2.4,,934,916,927,916,935,918,934,908,934,683,925,929,905,879
Itel it5262,1399,0.0039,2000,0.3,2.4,,923,922,912,922,922,925,923,956,923,308,927,933,908,856
Tecno Spark 20 (8GB RAM + 256GB),11499,8,5000,50,6.56,,281,231,290,231,307,402,281,137,281,282,227,192,198,98
itel A70 4G (4GB RAM + 256GB),7489,4,5000,13,6.6,,728,703,729,703,725,743,728,712,728,793,725,724,694,591
Google Pixel 8 Pro (12GB RAM + 256 GB),113999,12,5050,50,6.7,,107,452,128,452,94,39,107,625,107,179,174,273,735,823
Realme C51 (4GB RAM + 128 GB),8657,4,5000,50,6.74,,588,560,572,560,601,626,588,463,588,608,570,558,533,176
Snexian Bold 4G,2499,2,3000,1.3,2.8,,893,884,889,884,916,885,893,882,893,773,880,882,852,785
Apple iPhone 15 Plus (512GB),112999,6,4383,48,6.7,,569,789,657,789,558,155,569,715,569,742,674,680,855,900
Samsung Galaxy Z Fold 5 (12GB RAM + 1TB),184999,12,4400,50,7.6,,83,683,189,683,55,14,83,662,83,178,171,303,874,882
Realme Narzo 60 Pro (12GB RAM + 256GB),25990,12,5000,100,6.7,,34,22,29,22,38,49,34,16,34,36,22,22,18,48
OPPO Find N3 Flip,94999,12,4300,50,6.8,,130,379,234,379,124,52,130,619,130,197,223,299,661,806
Tecno Pova 5 4G,11949,8,6000,50,6.78,,161,140,141,140,165,247,161,102,161,215,126,129,126,72
Xiaomi Redmi A2 Plus,7999,4,5000,8,6.52,,769,747,781,747,768,777,769,782,769,839,775,779,733,717
Motorola Moto E22s,6790,4,5000,16,6.5,,722,699,709,699,728,741,722,678,722,766,701,702,677,431
Tecno Pova Neo 5G,9499,4,6000,50,6.8,,532,492,477,492,535,570,532,419,532,556,477,491,463,174
Apple iPhone 14 (512GB),86999,6,3279,12,6.1,,800,852,833,852,795,598,800,851,800,927,839,839,883,951
Xiaomi Redmi 11 Prime (6GB RAM + 128GB),8999,6,5000,50,6.58,,468,421,425,421,485,552,468,206,468,393,364,344,357,88
OPPO A17K,8499,3,5000,8,6.56,,801,780,815,780,801,814,801,818,801,887,808,810,769,784
Infinix Zero 20,17999,8,4500,108,6.7,,84,61,62,61,96,132,84,37,84,77,62,55,38,65
Realme 9i 5G (6GB RAM + 128GB),15990,6,5000,50,6.6,,504,476,493,476,507,502,504,445,504,577,492,484,442,418
Realme C33,8499,3,5000,50,6.5,,685,664,660,664,700,711,685,627,685,696,668,667,637,302
Xiaomi Redmi K50i (8GB RAM + 256GB),28999,8,5080,64,6.6,,194,205,171,205,191,193,194,294,194,256,226,243,246,488
Infinix Note 12 Pro 5G,18999,8,5000,108,6.7,,60,48,43,48,68,100,60,32,60,65,47,46,33,63
Infinix Smart 7,6999,4,6000,13,6.6,,707,687,698,687,709,728,707,682,707,756,689,690,666,445
Vivo T1 Pro 5G (8GB RAM + 128GB),24999,8,4700,64,6.44,,229,250,224,250,233,251,229,276,229,283,264,268,241,448
Xiaomi Redmi 10 Power,9849,8,6000,50,6.7,,160,141,134,141,171,270,160,69,160,198,120,113,119,34
Samsung Galaxy A73 5G (8GB RAM + 256GB),43990,8,5000,108,6.7,,70,89,52,89,80,59,70,140,70,90,79,91,98,409
Motorola Moto G52,10999,4,5000,50,6.6,,625,600,607,600,628,644,625,558,625,669,613,606,574,354
Realme GT Neo 3 5G (8GB RAM + 256GB),25130,8,5000,50,6.7,,302,298,354,298,283,284,302,405,302,405,339,346,340,539
OPPO K10,18999,6,5000,50,6.59,,516,498,517,498,516,487,516,508,516,606,523,515,477,550
Realme 9 5G SE,22999,6,5000,48,6.6,,530,527,555,527,524,480,530,592,530,648,564,565,543,654
Samsung Galaxy A04s,10499,4,5000,50,6.5,,647,628,611,628,669,676,647,550,647,665,615,610,576,334
POCO M4 Pro 4G,10490,6,5000,64,6.43,,393,336,247,336,429,473,393,148,393,296,273,246,238,93
Realme C35,8790,4,5000,50,6.6,,611,586,584,586,621,670,611,479,611,621,580,575,550,197
Motorola Moto G71 5G,17590,6,5000,50,6.4,,535,515,529,515,550,537,535,491,535,607,534,524,472,514
Poco M4 Pro 5G (6GB RAM + 128GB),15449,6,5000,50,6.6,,501,471,488,471,503,505,501,431,501,569,481,475,435,390
Apple iPhone 13 (512GB),82999,4,3240,12,6.1,,848,868,877,868,850,718,848,870,848,950,865,866,935,960
Realme GT Neo2 5G,27999,8,5000,64,6.62,,197,203,187,203,196,199,197,280,197,260,231,241,237,473
Realme Narzo 50 Pro 5G,21850,6,5000,48,6.4,,550,543,569,543,562,523,550,589,550,654,575,578,544,640
Xiaomi Redmi 10 Prime,12490,4,6000,50,6.5,,566,542,546,542,582,584,566,540,566,646,568,574,511,395
Xiaomi Mi 11T Pro 5G,39999,8,5000,108,6.67,,72,86,53,86,82,63,72,126,72,87,76,85,85,345
OnePlus Nord CE 5G (8GB RAM + 128GB),22990,8,4500,64,6.43,,261,267,249,267,261,281,261,269,261,289,279,274,233,402
OPPO A16,12250,4,5000,13,6.52,,764,739,764,739,764,737,764,763,764,865,767,759,729,788
Xiaomi Mi 11X,22999,6,4520,48,6.67,,555,550,598,550,549,518,555,614,555,668,594,591,582,679
OnePlus 9 (12GB RAM + 256GB),32990,12,4500,50,6.55,,133,130,201,130,130,138,133,252,133,168,150,152,125,469
Xiaomi Mi 11X Pro,26990,8,4520,108,6.67,,85,77,63,77,103,105,85,72,85,88,80,78,55,185
Poco X3 Pro,17290,6,5160,48,6.67,,492,469,504,469,484,482,492,473,492,600,498,495,459,477
Oppo Reno 5 Pro 5G,30500,8,4350,64,6.53,,273,314,277,314,249,239,273,396,273,319,324,334,319,589
OnePlus 9,29990,8,4500,50,6.55,,387,406,458,406,377,344,387,526,387,492,457,453,455,664
Poco X3,13999,6,6000,64,6.67,,238,200,142,200,305,339,238,159,238,275,195,199,182,158
OPPO F17 Pro,19990,8,4015,48,6.43,,456,448,560,448,426,463,456,458,456,517,497,460,407,523
Realme X50 Pro 5G (12GB RAM + 256GB),29999,12,4200,64,6.44,,103,95,120,95,97,125,103,136,103,129,109,103,99,303
Samsung Galaxy A52,26499,6,4500,64,6.5,,467,496,407,496,463,441,467,529,467,516,501,507,461,641
Motorola Moto One Vision,12999,4,3500,48,6.3,,713,692,681,692,726,725,713,663,713,751,688,679,653,648
Apple iPhone 8 Plus,49900,3,2691,12,5.5,,872,872,908,872,874,851,872,874,872,962,873,873,870,954
itel P55 4G (8GB RAM + 128GB),8475,8,5000,50,6.6,,233,206,236,206,265,414,233,77,233,208,167,144,161,26
Xiaomi Redmi A3 (4GB RAM + 128GB),8299,4,5000,8,6.71,,754,731,780,731,729,761,754,781,754,840,768,773,727,723
Ringme R1 Plus 4G,1700,0.0312,3000,0.3,2.4,,920,897,930,897,924,895,920,922,920,633,912,920,880,852
MTR JB,2300,0.0312,3000,5,2.8,,922,888,928,888,931,887,922,889,922,789,895,904,865,868
iKall S3,9799,6,6000,21,6.8,,560,529,672,529,528,589,560,632,560,703,601,607,590,332
itel Power 450,1447,0.0312,2500,0.3,2.4,,914,908,915,908,918,909,914,919,914,332,911,914,893,835
Poco C65 (6GB RAM + 128GB),8295,6,5000,50,6.74,,438,381,399,381,450,533,438,167,438,359,318,298,331,59
Snexian Rock X,2500,0.0312,3000,0.3,1.8,,952,925,963,925,954,919,952,943,952,896,946,950,898,925
Oppo A18 (4GB RAM + 128GB),10499,4,5000,8,6.56,,771,752,794,752,771,774,771,804,771,872,785,786,748,794
Google Pixel 8 (8GB RAM + 256 GB),82999,8,4575,50,6.2,,444,684,524,684,425,166,444,669,444,587,578,637,772,857
Motorola Moto A50G,1487,0.0039,1750,0.3,1.8,,939,946,940,946,941,946,939,963,939,512,947,948,926,894
Apple iPhone 15 Pro (1TB),156695,8,3274,48,6.1,,576,843,677,843,545,85,576,732,576,707,679,686,957,926
Tecno Camon 20 Avocado Art Edition,13049,8,5000,64,6.67,,168,152,130,152,174,250,168,84,168,193,130,122,111,81
Lava A7 Torch,1285,0.0312,2575,0.3,2.4,,900,901,900,901,905,905,900,915,900,151,904,909,887,791
Nokia 150 2023,2549,0.0039,1450,0.3,2.4,,957,931,954,931,958,932,957,966,957,921,960,962,921,936
Itel Power 900,1699,0.0039,10000,0.3,2.8,,832,854,917,854,773,873,832,899,832,146,876,879,820,143
iKall K333 4G,3299,2,3000,2,2.8,,907,883,909,883,926,884,907,881,907,899,881,885,853,842
OnePlus 11 5G Marble Odyssey,59990,16,5000,50,6.7,,39,36,95,36,31,36,39,198,39,74,56,64,103,549
Tecno Spark 10,9999,8,5000,50,6.56,,268,224,265,224,295,410,268,108,268,236,196,171,181,53
Vivo V27 Pro (8GB RAM + 256GB),36990,8,4600,50,6.78,,363,396,433,396,340,243,363,566,363,483,438,457,506,714
Samsung Galaxy A23 5G (8GB RAM + 128GB),20999,8,5000,50,6.6,,328,288,349,288,324,334,328,340,328,384,323,327,304,422
Samsung Galaxy A04e (4GB RAM + 128GB),10499,4,5000,13,6.5,,761,737,755,737,763,742,761,746,761,849,754,750,720,743
Realme 10 Pro (8GB RAM + 128GB),21999,8,5000,108,6.72,,61,53,45,53,69,91,61,41,61,75,52,54,39,95
Tecno Phantom X2,36999,8,5160,64,6.8,,166,211,145,211,162,162,166,375,166,265,220,254,312,609
OPPO F21s Pro 4G,17480,8,4500,64,6.43,,242,230,229,230,248,319,242,170,242,240,247,209,168,234
Realme C30s,6499,2,5000,8,6.5,,829,813,842,813,831,843,829,838,829,886,829,836,799,741
OPPO A77s,14999,8,5000,50,6.56,,309,255,316,255,322,381,309,208,309,337,271,249,242,213
Motorola Moto G72 4G,16999,6,5000,108,6.55,,149,111,81,111,152,168,149,70,149,107,100,94,72,107
Realme C35 (6GB RAM + 128GB),12490,6,5000,50,6.6,,486,447,465,447,493,529,486,342,486,515,442,419,396,245
Infinix Note 12 5G,11899,6,5000,50,6.7,,471,413,443,413,469,511,471,305,471,489,411,392,380,205
OnePlus 10R 5G (12GB RAM + 256GB),35999,12,5000,50,6.7,,102,104,122,104,92,95,102,225,102,144,119,124,120,468
OPPO K10 5G,25999,8,5000,48,6.56,,365,343,408,343,360,323,365,457,365,449,392,395,386,594
Poco X4 Pro 5G (8GB RAM + 128GB),18745,8,5000,64,6.67,,178,160,146,160,179,223,178,155,178,216,177,168,138,222
Motorola Moto E32,7280,4,5000,50,6.5,,608,596,571,596,645,701,608,415,608,555,562,554,535,111
Realme 9 5G (6GB RAM + 128GB),16999,6,5000,48,6.5,,534,509,543,509,539,541,534,499,534,620,538,531,484,493
Poco M4 Pro 5G (8GB RAM + 128GB),16499,8,5000,50,6.6,,304,257,324,257,311,363,304,229,304,350,283,272,256,268
Samsung Galaxy F23 5G,17499,4,5000,50,6.6,,661,647,649,647,653,606,661,651,661,736,666,666,638,669
Realme 9 Pro Plus 5G (8GB RAM + 256GB),22990,8,4500,50,6.4,,408,387,454,387,395,415,408,443,408,459,434,420,379,552
Xiaomi Redmi 11 Prime,8990,4,5000,50,6.58,,618,590,589,590,626,672,618,488,618,628,586,581,556,217
Infinix Note 12 Pro,14849,8,5000,108,6.7,,51,39,36,39,64,117,51,21,51,49,39,30,22,23
Vivo V23e 5G,22999,8,4050,50,6.44,,439,444,539,444,412,440,439,475,439,509,493,462,418,585
OPPO Reno7 5G,26990,8,4500,64,6.43,,266,294,258,294,268,260,266,336,266,305,301,306,274,515
POCO C31 (4GB RAM + 64GB),6249,4,5000,13,6.53,,726,707,714,707,730,766,726,691,726,764,713,713,685,413
POCO C31,5990,3,5000,13,6.53,,773,759,750,759,774,809,773,736,773,795,750,754,739,521
Apple iPhone 13 Pro (1TB),169900,6,3095,12,6.1,,807,881,845,881,803,233,807,869,807,931,848,852,968,967
Realme 8s 5G (8GB RAM + 128GB),18380,8,5000,64,6.5,,198,171,164,171,206,248,198,157,198,222,185,178,143,227
OPPO A55 4G,12899,4,5000,50,6.51,,659,640,639,640,674,652,659,610,659,713,650,643,609,509
Realme C11 2021 (4GB RAM + 64GB),7290,4,5000,8,6.52,,766,745,768,745,766,781,766,775,766,820,765,772,728,678
Asus ROG Phone 5s Pro 5G,79999,18,6000,64,6.78,,19,20,19,20,18,13,19,81,19,25,19,21,61,375
Nokia 6310 2021,3299,0.0078,1150,0.3,2.8,,960,930,958,930,961,926,960,965,960,954,964,964,923,947
Motorola Edge 20 5G,26999,8,4000,108,6.7,,105,91,87,91,127,130,105,98,105,93,93,89,71,219
Vivo Y75 5G,23999,8,5000,50,6.58,,336,313,364,313,337,316,336,399,336,408,352,354,334,524
Xiaomi Redmi 10,8890,4,6000,50,6.7,,541,504,478,504,553,575,541,401,541,542,475,488,464,155
Realme 9 4G,15150,6,5000,108,6.4,,153,117,83,117,155,177,153,59,153,102,98,93,69,78
Motorola Moto G40 Fusion (6GB RAM + 128GB),14490,6,6000,64,6.78,,225,184,137,184,262,309,225,160,225,274,191,191,178,163
Realme X7 Max,26999,8,4500,64,6.43,,267,295,259,295,269,259,267,337,267,306,303,308,275,516
Realme 8 Pro (8GB RAM + 128GB),18999,8,4500,108,6.4,,96,78,75,78,128,146,96,43,96,84,73,65,42,85
OPPO A74 5G,17990,6,5000,48,6.5,,536,516,547,516,541,534,536,518,536,625,545,537,497,540
Realme 8,11999,4,5000,64,6.4,,565,545,436,545,586,591,565,462,565,552,552,545,449,319
Samsung Galaxy Z Fold 3,89999,12,4400,12,7.6,,171,530,673,530,140,64,171,744,171,576,622,646,781,893
Poco M3,9990,6,6000,48,6.53,,410,342,337,342,430,474,410,197,410,380,296,300,309,105
Xiaomi Redmi Note 9 Pro (4GB RAM + 128GB),15999,4,5020,48,6.67,,660,643,659,643,647,609,660,646,660,738,665,663,636,635
OPPO F17,17390,6,4000,16,6.44,,718,694,730,694,715,721,718,720,718,831,734,718,680,803
Realme X7 Pro,29999,8,4500,64,6.55,,239,289,251,289,231,231,239,373,239,309,297,314,301,571
Realme 7,13919,6,5000,64,6.5,,402,347,271,347,427,452,402,220,402,352,321,312,268,212
POCO M2 Pro (6GB RAM + 64GB),10990,6,5000,48,6.67,,483,440,476,440,488,547,483,303,483,497,425,404,395,177
Nokia 5310 Dual Sim,3449,0.0078,1200,0.3,2.4,,967,939,966,939,965,935,967,967,967,959,967,968,940,956
Samsung Galaxy Note 20,86000,8,4300,64,6.7,,263,603,305,603,227,121,263,658,263,367,418,512,719,833
Samsung Galaxy A12,11990,4,5000,48,6.5,,668,648,653,648,685,687,668,608,668,715,651,644,613,464
Motorola One Macro,9690,4,4000,13,6.2,,810,786,795,786,825,819,810,768,810,878,797,790,762,763
Motorola One,7990,4,3000,13,5.9,,843,827,817,827,854,853,843,783,843,895,825,813,789,750
Xiaomi Mi A2,10999,4,3010,20,5.99,,838,818,801,818,845,836,838,757,838,902,811,794,774,787
Micromax Bolt Q370,2490,1,1650,5,4.5,,890,880,868,880,893,882,890,878,890,785,879,878,859,732
Ringme R1 310,650,0.0312,1000,0.3,1.77,,873,961,849,961,809,961,873,904,873,1,898,889,948,698
Snexian Bold 20K,1299,0.0312,2500,1.3,2.8,,891,892,881,892,894,892,891,893,891,147,894,899,879,730
Lava Yuva 3 (4GB RAM + 128GB),7299,4,5000,13,6.5,,742,724,728,724,749,763,742,710,742,790,728,728,702,579
itel P55 4G,7449,4,5000,50,6.6,,597,576,566,576,618,678,597,416,597,558,557,549,528,119
itel A70 4G (4GB RAM + 64GB),6299,4,5000,13,6.6,,723,701,713,701,719,752,723,690,723,763,711,709,681,414
Tecno Spark Go 2024 (4GB RAM + 64GB),7099,4,5000,13,6.56,,730,706,721,706,733,757,730,703,730,784,719,720,692,551
Jio Bharat V1,1049,0.5,1000,0.3,1.77,,917,952,897,952,906,952,917,892,917,63,910,905,932,828
Lava Yuva 3 Pro,8899,8,5000,50,6.5,,269,229,256,229,309,425,269,94,269,220,184,162,173,36
itel Power 120,1199,0.0039,2500,0.3,2,,906,926,916,926,907,928,906,948,906,128,915,919,904,817
Snexian Rock Pro,1299,0.0312,3000,0.3,2.4,,892,896,903,896,898,896,892,910,892,149,896,903,878,759
Apple iPhone 15 Pro (512GB),156900,8,3274,48,6.1,,577,844,678,844,546,84,577,733,577,708,680,687,958,927
GFive Smart,1499,0.0312,1000,0.3,1.8,,953,960,941,960,946,957,953,947,953,593,954,953,950,912
itel Aura 05i,5400,2,4000,5,6.6,,844,829,858,829,843,859,844,853,844,889,851,853,824,745
Infinix Smart 7 (4GB RAM + 128 GB),7299,4,6000,13,6.6,,708,688,699,688,710,727,708,684,708,760,691,694,667,481
itel S23 (4GB RAM +128 GB),6839,4,5000,50,6.6,,586,572,549,572,613,683,586,382,586,518,539,523,518,80
Itel Super Guru 600,1599,0.0039,1900,1.3,2.8,,925,900,905,900,925,901,925,937,925,570,920,928,897,858
iKall Z19 Pro Ultra,7499,6,5000,13,6.5,,687,665,686,665,678,717,687,670,687,744,681,676,649,374
Vivo Y22 (4GB RAM + 128GB),11295,4,5000,50,6.55,,641,621,617,621,659,654,641,571,641,682,621,617,586,386
Vivo Y100A (8GB RAM + 256GB),23999,8,4500,64,6.38,,276,284,257,284,282,285,276,289,276,298,291,289,249,437
Nokia C22,6419,2,5000,13,6.52,,811,795,803,795,814,832,811,798,811,856,803,807,780,689
Benco V90,7199,4,5000,16,6.82,,712,691,706,691,714,732,712,677,712,768,696,693,673,454
Tecno Spark Go 2023,6875,3,5000,13,6.56,,781,761,767,761,778,801,781,754,781,824,766,765,747,626
Samsung Galaxy A04s (4GB RAM + 128GB),11691,4,5000,50,6.5,,655,635,632,635,673,671,655,586,655,690,641,631,598,423
Xiaomi Redmi Note 12 Pro (8GB RAM + 128GB),24999,8,5000,50,6.67,,316,306,358,306,296,296,316,407,316,407,345,353,343,537
Vivo Y02,8198,3,5000,8,6.51,,803,781,813,781,804,818,803,817,803,880,807,808,770,773
Tecno Pova 4,9099,8,6000,50,6.82,,157,139,124,139,161,254,157,57,157,189,110,104,115,18
Infinix Hot 20,13208,4,5000,50,6.6,,643,627,634,627,642,622,643,612,643,712,647,641,608,520
Realme GT Neo 3T (8GB RAM + 256GB),27989,8,5000,64,6.62,,196,202,186,202,195,200,196,279,196,259,230,240,236,472
OPPO F21s Pro,21707,8,4500,64,6.43,,254,256,243,256,256,293,254,239,254,279,269,252,219,356
Apple iPhone 14 Plus (512GB),95999,6,4325,12,6.7,,716,837,779,837,708,435,716,847,716,898,795,801,876,944
Tecno Camon 19 Pro Mondrian Edition,15999,8,5000,64,6.8,,159,144,135,144,163,218,159,116,159,201,145,134,116,145
Poco C50,5399,2,5000,8,6.52,,821,807,824,807,817,846,821,827,821,845,816,824,794,665
itel Magic X,1399,0.0469,1200,1.3,2.4,,932,932,907,932,929,936,932,897,932,343,926,923,919,864
itel MagicX Play 4G,1336,0.0469,1900,0.3,1.8,,933,943,935,943,928,942,933,925,933,247,933,934,917,875
Xiaomi Redmi A1,8899,2,5000,8,6.52,,837,815,862,815,834,837,837,848,837,923,844,844,807,824
Samsung Galaxy Z Flip 4 (8GB RAM + 256GB),71991,8,3700,12,6.7,,686,773,743,773,566,445,686,819,686,823,753,751,834,924
Samsung Galaxy Z Fold 4 (12GB RAM + 512GB),110000,12,4400,50,7.6,,78,326,177,326,51,35,78,604,78,169,148,218,706,812
OnePlus 10T (12GB RAM + 256GB),40999,12,4800,50,6.7,,111,123,139,123,105,90,111,297,111,156,132,148,166,570
Samsung Galaxy M13 5G (4GB RAM + 64GB),10595,4,5000,50,6.5,,648,630,614,630,670,675,648,553,648,667,616,611,578,337
Samsung Galaxy M13 (4GB RAM + 64GB),9820,4,6000,50,6.6,,552,521,503,521,571,582,552,449,552,584,514,517,481,210
Nokia 5710 XpressAudio,4699,0.0469,1450,0.3,2.4,,968,933,968,933,968,931,968,958,968,965,966,967,933,961
Samsung Galaxy F13 (4GB RAM + 128GB),10500,4,6000,50,6.6,,556,524,519,524,575,578,556,469,556,602,532,536,492,256
Infinix Hot 12 Play,7990,4,6000,13,6.82,,704,678,705,678,699,720,704,689,704,769,690,692,664,553
Vivo T1 44W (8GB RAM + 128GB),17999,8,5000,50,6.44,,352,303,352,303,361,387,352,284,352,368,316,311,278,330
Samsung Galaxy M53 5G (8GB RAM + 128GB),29999,8,5000,108,6.7,,65,70,49,70,74,78,65,71,65,85,68,70,53,199
Realme 9 4G (8GB RAM + 128GB),17999,8,5000,108,6.4,,80,60,54,60,100,131,80,33,80,70,53,53,36,57
Samsung Galaxy M13 5G,12990,6,5000,50,6.5,,512,475,482,475,523,550,512,370,512,539,463,440,410,282
Realme C31 (4GB RAM + 64GB),7788,4,5000,13,6.52,,744,722,732,722,745,759,744,716,744,803,731,733,704,619
Samsung Galaxy M33 5G (8GB RAM + 128GB),21501,8,6000,50,6.6,,204,180,208,180,204,229,204,263,204,322,219,234,234,351
Samsung Galaxy A23 (8GB RAM + 128GB),18298,8,5000,50,6.6,,317,272,332,272,314,353,317,275,317,363,300,297,270,326
OPPO A96 4G,16999,8,5000,50,6.59,,313,264,328,264,315,360,313,245,313,353,290,281,262,284
Samsung Galaxy A13 (6GB RAM + 128GB),15999,6,5000,50,6.6,,505,477,494,477,508,501,505,446,505,578,494,485,443,420
Realme Narzo 50 (6GB RAM + 128GB),14999,6,5000,50,6.6,,499,468,486,468,502,507,499,417,499,562,476,463,427,363
Realme 9 Pro Plus 5G (8GB RAM + 128GB),21990,8,4500,50,6.4,,406,380,453,380,394,419,406,426,406,453,427,413,368,525
Xiaomi Redmi Note 11 (6GB RAM + 64GB),11999,6,5000,50,6.43,,518,482,479,482,534,560,518,338,518,520,460,436,402,235
OPPO A76,14990,6,5000,13,6.56,,701,677,702,677,693,708,701,707,701,794,699,697,658,771
Realme C31,6490,3,5000,13,6.52,,780,763,761,763,781,807,780,747,780,815,761,761,744,595
Infinix Zero 5G,19999,8,4500,48,6.78,,367,325,438,325,356,382,367,381,367,434,386,365,335,440
Xiaomi Redmi Note 11T 5G (6GB RAM + 128GB),17489,6,5000,50,6.6,,509,485,502,485,511,492,509,470,509,595,503,501,457,484
Samsung Galaxy A03 Core,7448,2,5000,8,6.5,,833,814,852,814,833,841,833,845,833,910,837,842,804,792
Xiaomi Redmi Note 11T 5G,16999,6,5000,50,6.6,,507,483,501,483,510,494,507,464,507,588,500,494,451,460
Samsung Galaxy A03,9999,3,5000,48,6.5,,697,671,667,671,712,714,697,654,697,739,675,672,643,461
Xiaomi Mi 11 Lite NE 5G (8GB RAM + 128GB),25999,8,4250,64,6.55,,278,293,288,293,253,267,278,334,278,312,311,310,273,497
Apple iPhone 13 Pro (512GB),149900,6,3095,12,6.1,,806,876,843,876,802,357,806,867,806,930,846,850,966,965
OPPO A16K,7999,3,4230,13,6.52,,813,787,802,787,819,825,813,779,813,874,800,795,775,736
OPPO F19s,17990,6,5000,48,6.43,,544,525,551,525,554,548,544,524,544,629,551,551,500,546
Xiaomi Redmi 10 (6GB RAM + 128GB),10350,6,6000,50,6.7,,373,300,294,300,400,448,373,173,373,357,263,263,279,103
Realme 8s 5G,17999,6,5000,64,6.5,,415,374,298,374,428,439,415,331,415,394,377,368,314,370
Poco F3 GT 5G (8GB RAM+256GB),26190,8,5065,64,6.67,,184,178,158,178,181,197,184,242,184,239,203,212,206,419
Samsung Galaxy M32 5G,16890,6,5000,48,6.5,,533,508,542,508,538,543,533,494,533,619,537,525,480,489
Xiaomi Redmi Note 10T 5G,14499,4,5000,48,6.5,,680,659,665,659,692,668,680,643,680,734,667,664,634,607
Vivo V21e 5G,21490,8,4000,64,6.44,,337,312,329,312,344,352,337,290,337,314,330,309,255,401
Samsung Galaxy F42 5G,18999,6,5000,64,6.6,,399,361,292,361,418,427,399,349,399,398,371,367,318,404
Vivo Y73 2021,16490,8,4000,64,6.44,,327,281,312,281,332,384,327,190,327,273,288,245,195,237
Realme 8 5G (4GB RAM + 64GB),12990,4,5000,48,6.5,,674,654,658,654,688,679,674,630,674,723,658,654,622,534
Realme 8 (6GB RAM + 128GB),13990,6,5000,64,6.4,,419,368,283,368,442,464,419,227,419,356,335,328,276,224
Samsung Galaxy A72 (8GB RAM + 256GB),37999,8,5000,64,6.7,,193,252,192,252,187,171,193,408,193,285,257,294,342,632
Samsung Galaxy A52 (8GB RAM + 128GB),22999,8,4500,64,6.5,,241,247,240,247,239,269,241,259,241,284,267,260,231,396
OPPO F19 Pro (8GB RAM + 256GB),18999,8,4310,48,6.43,,432,397,506,397,408,446,432,410,432,472,450,418,367,453
Xiaomi Redmi 9 Power (6GB RAM + 128GB),12890,6,6000,48,6.53,,428,363,381,363,439,470,428,300,428,458,357,363,346,230
Nokia 5.4 (6GB RAM + 64GB),12999,6,4000,48,6.39,,591,575,645,575,602,603,591,496,591,642,597,571,514,392
Vivo Y20G (6GB RAM +128GB),14990,6,5000,13,6.51,,703,682,703,682,697,709,703,709,703,797,704,699,660,775
Lava Z3,5699,3,5000,8,6.5,,788,778,787,778,792,821,788,793,788,812,781,792,763,603
Xiaomi Mi 10i (8GB RAM + 128GB),23999,8,4820,108,6.67,,75,67,56,67,86,98,75,50,75,81,66,61,46,132
Xiaomi Redmi Note 10 Pro (6GB RAM + 128GB),17490,6,5020,64,6.67,,380,333,268,333,404,423,380,301,380,375,343,342,296,335
Samsung Galaxy M12,10999,4,6000,48,6.5,,572,548,561,548,588,597,572,522,572,641,565,567,513,315
Micromax IN Note 1 (4GB RAM + 128GB),7490,4,5000,48,6.67,,603,584,581,584,619,685,603,440,603,585,566,556,551,124
Micromax IN Note 1,6999,4,5000,48,6.67,,596,581,573,581,614,689,596,411,596,550,553,544,541,94
Apple iPhone 12 (256GB),63999,4,3349,12,6.1,,845,856,869,856,847,731,845,865,845,946,859,861,866,950
Poco C3 (4GB RAM + 64GB),8290,4,5000,13,6.53,,749,726,738,726,751,753,749,723,749,814,736,736,708,659
OPPO A15,8299,3,4230,13,6.52,,817,788,804,788,822,824,817,786,817,881,802,800,776,739
Vivo V20 Pro,27000,8,4000,64,6.44,,349,346,348,346,348,313,349,392,349,338,373,356,313,560
Poco X3 (8GB RAM + 128GB),15900,8,6000,64,6.67,,155,125,107,125,158,181,155,87,155,172,106,108,106,112
Xiaomi Mi 10T Pro 5G,27999,8,5000,108,6.67,,67,68,50,68,78,83,67,63,67,82,65,67,49,172
Samsung Galaxy M01 Core (2GB RAM + 32GB),6490,2,3000,8,5.3,,874,862,888,862,878,874,874,863,874,938,870,870,835,838
Xiaomi Redmi Note 9 (4GB RAM + 128GB),14190,4,5020,48,6.53,,672,653,661,653,681,658,672,639,672,731,662,659,629,593
Poco X2 (8GB RAM + 256GB),19999,8,4500,64,6.67,,217,197,221,197,212,258,217,196,217,248,238,210,180,290
Samsung Galaxy Z Flip,40999,8,3300,12,6.7,,698,698,762,698,576,586,698,792,698,822,755,740,766,890
Samsung Galaxy M11,12999,3,5000,13,6.4,,804,783,808,783,806,794,804,806,804,916,806,806,777,831
Xiaomi Redmi 9,10999,4,5000,13,6.53,,760,736,757,736,759,739,760,751,760,853,756,752,722,753
Oppo Reno 2Z,28999,8,4000,48,6.53,,452,495,574,495,413,424,452,575,452,565,541,528,503,688
Vivo Y12 (3GB RAM + 64GB),11990,3,5000,13,6.35,,805,784,807,784,810,806,805,797,805,911,805,804,771,816
Motorola One Action,9490,4,3500,16,6.3,,812,790,788,790,829,823,812,749,812,873,794,781,761,742
Xiaomi Redmi 6A,5999,2,3000,13,5.45,,868,855,861,855,873,871,868,841,868,922,864,865,830,786
Apple iPhone 8 (256GB),77000,2,1821,12,4.7,,898,886,947,886,904,864,898,883,898,968,888,884,965,968
Lyf Flame 5,2540,0.5,1650,5,4,,909,885,893,885,917,886,909,884,909,841,887,886,862,815
Apple iPhone 6 Plus (64GB),48999,1,2915,8,5.5,,889,877,953,877,887,867,889,885,889,967,886,881,937,966
BlackBerry Passport,22300,3,3450,13,4.5,,875,866,887,866,881,869,875,861,875,956,871,872,838,920
Lvix L1 Flip 2,1750,0.0312,2000,0.3,2.4,,937,921,934,921,939,922,937,932,937,721,936,940,910,887
MTR Fold X,1700,0.0312,2000,0.3,2.4,,935,920,932,920,937,923,935,931,935,686,934,939,909,883
iKall K42 Flip,2249,0.0312,2000,0.3,2.4,,948,924,950,924,952,920,948,941,948,851,944,945,911,914
itel A05s New,5799,2,4000,8,6.6,,842,825,847,825,841,856,842,844,842,892,845,845,816,737
Snexian Rock Pro Max,1399,0.0312,1800,0.3,2.8,,913,910,892,910,915,912,913,921,913,297,913,913,903,826
GFive G9000,1099,0.0312,3000,0.3,2.4,,888,895,883,895,886,897,888,902,888,59,892,897,877,639
Micromax S213,1264,0.0312,2500,0.08,2.4,,901,909,899,909,902,911,901,934,901,141,909,910,894,800
Micromax S117,998,0.0312,1750,0.08,1.7,,905,948,914,948,892,949,905,942,905,43,923,916,927,832
itel it5330,1499,0.0312,1900,0.3,2.8,,919,902,901,902,919,904,919,923,919,422,918,917,900,843
itel it2175 Pro,1049,0.0039,1200,0.8,2,,915,949,898,949,901,950,915,944,915,69,931,925,936,849
Wings W4,6999,4,4000,16,6.5,,774,757,739,757,785,796,774,694,774,802,743,737,725,564
Itel P40 (4GB RAM + 128GB),6299,4,6000,13,6.6,,706,686,693,686,702,729,706,679,706,748,687,688,663,325
Doogee Smini,36800,8,3000,50,4.5,,710,749,685,749,716,696,710,671,710,729,693,685,656,821
Lava O1,6999,4,5000,13,6.56,,727,704,719,704,732,758,727,700,727,781,718,717,689,535
Lava Blaze 2 Pro,9998,8,5000,50,6.5,,279,232,272,232,319,421,279,112,279,242,201,176,186,60
itel IT5027,1169,0.0039,1200,0.3,2.4,,918,936,890,936,913,939,918,957,918,130,935,930,924,850
Xiaomi Redmi A2 Plus (?4GB RAM + 128GB),7752,4,5000,8,6.52,,767,746,778,746,767,779,767,780,767,832,771,777,730,708
Snexian Bold 888,1249,0.0312,1000,1.3,1.44,,946,963,944,963,934,963,946,918,946,205,948,941,952,897
Samsung Galaxy Z Fold 5 (12GB RAM + 512GB),164999,12,4400,50,7.6,,82,644,188,644,54,15,82,660,82,174,160,288,847,870
Lava A3 Vibe,1040,0.0312,1750,0.3,1.77,,910,945,913,945,899,947,910,924,910,55,921,912,922,829
itel A60s,5599,4,5000,8,6.6,,738,733,736,733,731,778,738,755,738,765,737,746,714,442
itel Circle 1,1495,0.0312,500,0.3,1.32,,963,968,957,968,956,968,963,960,963,645,968,965,960,938
Tecno Phantom V Flip,54999,8,4000,64,6.9,,251,445,322,445,221,161,251,599,251,360,396,438,615,761
Samsung Galaxy A14 4G (4GB RAM + 128 GB),14999,4,5000,50,6.6,,654,637,643,637,648,614,654,633,654,722,656,652,620,604
Infinix Smart 7 HD,6199,2,5000,8,6.6,,824,804,836,804,812,838,824,835,824,871,823,830,796,727
Tecno Spark Go 2023 (3GB RAM + 64GB),7199,3,5000,13,6.56,,783,762,772,762,780,800,783,759,783,833,769,770,750,656
Tecno Spark Go 2023 (4GB RAM + 64GB),7599,4,5000,13,6.56,,736,709,731,709,738,750,736,714,736,799,729,729,700,605
Infinix Hot 30i (4GB RAM+ 64GB),7499,4,5000,50,6.6,,599,578,568,578,620,677,599,421,599,561,559,550,530,121
Vivo Y100A,19990,8,4500,64,6.38,,264,253,242,253,276,312,264,214,264,272,262,244,203,313
Lava Blaze 2 4G,7970,6,5000,13,6.5,,689,666,688,666,682,716,689,672,689,747,683,678,650,439
Itel P40,7399,4,6000,13,6.6,,709,689,701,689,711,726,709,686,709,761,692,696,668,494
Lava Blaze Pro (6GB RAM + 128GB),7595,6,5000,50,6.5,,461,430,410,430,500,566,461,162,461,341,327,305,344,44
itel A60,5599,2,5000,8,6.6,,819,803,827,803,807,839,819,828,819,850,817,823,792,683
Oukitel WP22,28699,8,10000,48,6.58,,71,59,67,59,72,76,71,172,71,161,78,99,107,329
Lava Yuva 2 Pro,7270,4,5000,13,6.5,,741,723,727,723,747,764,741,708,741,788,727,727,701,577
OPPO A55 4G (4GB RAM + 128GB),15799,4,5000,50,6.51,,666,652,651,652,677,623,666,644,666,730,663,662,630,629
Tecno Pop 7 Pro,6576,2,5000,12,6.56,,816,796,811,796,808,833,816,810,816,863,809,809,782,712
Infinix Hot 20 (6GB RAM+ 128GB),14499,6,5000,50,6.6,,496,462,484,462,501,513,496,403,496,554,471,452,423,339
Lava Blaze NXT,6645,4,5000,13,6.5,,732,717,717,717,741,771,732,697,732,774,716,716,690,483
Oukitel WP12 Pro,12519,4,4000,13,5.5,,841,824,814,824,856,849,841,801,841,918,826,819,790,836
Xiaomi Redmi 10A (6GB RAM + 128GB),8890,6,5000,13,6.53,,690,667,690,667,680,713,690,674,690,749,684,682,652,544
Doogee S96 GT,25000,8,6350,48,6.22,,230,245,219,245,242,246,230,368,230,358,268,307,287,500
Lava Blaze Pro,6789,4,5000,50,6.5,,601,593,559,593,640,702,601,389,601,526,546,535,527,83
Realme C30s (4GB RAM + 64GB),7649,4,5000,8,6.5,,768,748,775,748,770,783,768,777,768,829,770,776,731,701
Xiaomi Redmi 11 Prime 5G (6GB RAM + 128GB),13799,6,5000,50,6.58,,497,461,481,461,509,524,497,386,497,546,465,444,415,311
OPPO A77 (4GB RAM + 128 GB),11990,4,5000,50,6.56,,644,625,627,625,657,646,644,593,644,693,636,627,595,441
Xiaomi Redmi Note 11SE,11999,6,5000,64,6.43,,403,348,263,348,432,469,403,174,403,328,305,287,258,149
Xiaomi Redmi A1 Plus,6998,2,5000,8,6.52,,831,811,848,811,827,840,831,842,831,903,832,838,802,776
Vivo T1x (6GB RAM + 128GB),12998,6,5000,50,6.58,,490,456,472,456,505,531,490,362,490,534,455,434,404,277
Jmax A8 Ultra,3590,1,2500,5,5.5,,879,871,880,871,880,880,879,877,879,897,875,875,844,779
Oukitel WP20,14500,4,6300,20,5.93,,719,693,697,693,722,723,719,698,719,819,712,710,674,764
Poco F4 5G (8GB RAM + 128GB),26990,8,4500,64,6.67,,221,242,231,242,218,226,221,312,221,291,270,278,264,485
Realme C30 (3GB RAM + 32GB),6289,3,5000,8,6.5,,797,779,800,779,800,820,797,800,797,838,792,797,765,667
Lava Blaze,5908,3,5000,13,6.5,,776,764,748,764,779,812,776,735,776,792,749,756,742,507
Tecno Camon 19 Neo,8499,6,5000,48,6.8,,446,388,424,388,455,538,446,194,446,385,346,323,356,71
Samsung Galaxy M13,11989,6,6000,50,6.6,,388,329,319,329,421,454,388,228,388,404,308,315,307,168
Realme C30,6490,2,5000,8,6.5,,828,812,841,812,830,844,828,837,828,883,828,835,798,740
Motorola Moto E32s,7850,3,5000,16,6.5,,777,756,754,756,782,791,777,730,777,836,759,757,736,668
Vivo X80 5G (12GB RAM + 256GB),54990,12,4500,50,6.78,,127,153,203,153,115,73,127,441,127,184,172,188,345,694
Realme Narzo 50 5G (4GB RAM + 128GB),15996,4,5000,48,6.6,,667,655,664,655,672,621,667,650,667,741,669,668,640,637
Realme Narzo 50 Pro 5G (8GB RAM + 128GB),19999,8,5000,48,6.4,,375,334,402,334,372,398,375,369,375,420,367,361,323,429
Nokia G21 (6GB RAM + 128GB),10349,6,5050,50,6.5,,484,446,441,446,517,554,484,260,484,450,403,381,374,151
Realme Narzo 50A Prime (4GB RAM + 128GB),11270,4,5000,50,6.6,,627,602,609,602,630,643,627,567,627,676,618,615,581,380
Tecno Spark 8C (4GB RAM + 64GB),8999,4,5000,13,6.6,,745,712,742,712,737,738,745,727,745,825,740,739,711,692
Samsung Galaxy A13 (4GB RAM + 128GB),12990,4,5000,50,6.6,,642,624,633,624,641,624,642,603,642,706,644,638,604,501
OPPO K10 (8GB RAM + 128GB),19999,8,5000,50,6.59,,326,286,347,286,328,346,326,316,326,376,314,319,290,388
OPPO A16e (4GB RAM + 64GB),9999,4,4230,13,6.52,,785,767,785,767,789,789,785,762,785,866,779,775,751,751
Xiaomi Redmi Note 11 Pro 4G (8GB RAM + 128GB),16490,8,5000,108,6.67,,59,45,40,45,70,114,59,27,59,58,42,37,26,38
POCO M4 Pro 4G (6GB RAM + 128GB),12295,6,5000,64,6.43,,404,350,264,350,435,467,404,182,404,331,307,290,260,159
iQOO 9 5G (12GB RAM + 256GB),46990,12,4350,48,6.56,,150,159,254,159,137,119,150,438,150,199,208,215,300,674
Vivo T1 Pro,23999,6,4700,64,6.44,,454,465,376,465,458,442,454,477,454,482,470,477,419,599
Micromax X818,1255,0.0312,1450,0.3,2.8,,908,915,879,915,910,917,908,920,908,152,914,911,912,808
Samsung Galaxy S22 Plus 5G (8GB RAM + 256GB),88999,8,4500,50,6.6,,400,673,496,673,376,150,400,668,400,567,555,613,787,860
Xiaomi Redmi Note 11S (6GB RAM + 128GB),13099,6,5000,108,6.43,,152,110,79,110,154,178,152,45,152,98,89,81,60,46
Micromax X778,1249,0.0312,2700,0.3,2.4,,894,899,895,899,897,899,894,913,894,133,900,906,884,765
Xiaomi 11T Pro 5G (12GB RAM + 256GB),49990,12,5000,108,6.67,,31,26,27,26,37,34,31,48,31,31,25,25,30,211
Xiaomi Redmi Note 11 Pro 4G,14990,6,5000,108,6.67,,135,96,69,96,145,164,135,52,135,100,88,82,63,68
Motorola Moto G22,7989,4,5000,50,6.53,,614,595,579,595,643,692,614,453,614,596,573,562,542,157
Xiaomi 11i HyperCharge 5G (8GB RAM + 128GB),26900,8,4500,108,6.67,,86,79,64,79,106,106,86,73,86,89,81,79,56,184
Xiaomi Redmi Note 11S,12700,6,5000,108,6.43,,151,108,78,108,153,180,151,42,151,97,87,80,57,40
Infinix Note 12,10490,4,5000,50,6.7,,607,579,593,579,612,620,607,537,607,660,598,593,563,314
Tecno Spark Go 2022,7999,2,5000,13,6.51,,823,797,819,797,820,829,823,814,823,900,813,814,783,767
Xiaomi Redmi Note 10S (8GB RAM + 128GB),17550,8,5000,64,6.43,,208,175,166,175,219,262,208,149,208,219,186,175,141,201
Motorola Moto A50,1654,0.0039,1750,0.3,1.8,,949,947,948,947,948,945,949,964,949,702,951,955,928,909
Motorola Moto A70,1861,0.0039,1750,0.3,2.4,,941,929,936,929,944,929,941,962,941,750,945,949,914,901
Vivo Y21e,9998,3,5000,13,6.51,,796,775,799,775,799,792,796,785,796,885,791,789,760,783
Vivo Y15s,9008,3,5000,13,6.51,,789,770,789,770,794,797,789,773,789,869,782,782,755,744
OnePlus Nord 2 Pac Man Limited Edition,32990,12,4500,50,6.43,,140,133,209,133,133,145,140,261,140,171,154,159,130,478
Xiaomi 11i HyperCharge 5G,23900,6,4500,108,6.67,,154,136,89,136,156,163,154,146,154,127,127,131,96,275
Realme 9i,11410,4,5000,50,6.6,,628,604,612,604,632,641,628,570,628,680,620,616,584,391
Vivo Y21T,15200,4,5000,50,6.51,,664,650,647,650,676,627,664,640,664,727,660,658,626,611
Motorola Moto G51 5G,13999,4,5000,50,6.8,,610,583,615,583,603,602,610,616,610,711,638,632,603,541
Samsung Galaxy F42 5G (8GB RAM + 128GB),17750,8,5000,64,6.6,,187,161,148,161,192,235,187,144,187,214,176,167,135,194
Xiaomi Redmi 9 Activ (6GB RAM + 128GB),9549,6,5000,13,6.53,,692,668,691,668,684,712,692,676,692,753,686,684,654,600
Motorola Moto G31,10990,4,5000,50,6.47,,656,636,625,636,675,680,656,568,656,678,629,621,589,372
Realme 8i (6GB RAM + 128GB),12989,6,5000,50,6.6,,488,454,470,454,495,526,488,360,488,532,452,430,401,273
Xiaomi Redmi 10 Prime (6GB RAM + 128GB),14999,6,6000,50,6.5,,421,366,360,366,433,453,421,343,421,473,370,379,352,304
Infinix Hot 11S,9890,4,5000,50,6.78,,592,561,583,561,596,610,592,514,592,643,583,579,549,270
Xiaomi Redmi Note 10 Lite,12490,4,5020,48,6.67,,646,622,646,622,637,631,646,607,646,714,646,639,611,479
Realme C21Y (4GB RAM + 64GB),7780,4,5000,13,6.5,,747,728,733,728,754,760,747,717,747,804,732,734,705,620
Realme Narzo 50A,9799,4,6000,50,6.5,,562,536,520,536,580,595,562,456,562,592,530,534,490,218
Realme GT Master Edition 5G (8GB RAM + 256GB),27999,8,4300,64,6.43,,298,323,297,323,306,272,298,376,298,323,331,335,305,556
Samsung Galaxy A03s (4GB RAM + 64GB),9999,4,5000,13,6.5,,759,735,752,735,761,745,759,741,759,844,747,748,717,734
Realme GT Master Edition 5G (6GB RAM + 128GB),24699,6,4300,64,6.43,,498,512,432,512,496,466,498,527,498,536,531,518,460,631
Samsung Galaxy Z Fold 3 5G (12GB RAM + 512GB),94999,12,4400,12,7.6,,172,546,676,546,141,60,172,752,172,580,627,650,801,898
POCO M3 (4GB RAM + 64GB),8392,4,6000,48,6.53,,561,537,525,537,581,600,561,418,561,557,508,511,493,144
Realme Narzo 30 (6GB RAM + 128GB),12999,6,5000,48,6.5,,523,493,522,493,536,559,523,397,523,563,485,469,434,297
Tecno Phantom X,21999,8,4700,50,6.7,,348,310,401,310,342,347,348,380,348,412,358,349,328,470
Xiaomi Mi 11 Lite (8GB RAM + 128GB),17840,8,4250,64,6.55,,252,235,260,235,247,322,252,183,252,262,258,224,184,252
Samsung Galaxy M32 (6GB RAM + 128GB),15499,6,6000,64,6.4,,324,262,183,262,371,380,324,199,324,311,249,248,220,221
POCO M3 Pro 5G (6GB RAM + 128GB),13990,6,5000,48,6.5,,526,500,528,500,537,553,526,427,526,583,499,490,447,343
DIZO Star 500,1614,0.0312,1900,0.3,2.8,,926,903,910,903,927,903,926,926,926,598,922,926,901,859
Realme C21Y,6450,3,5000,13,6.5,,782,766,760,766,784,811,782,745,782,813,762,762,746,592
Xiaomi Redmi 10A,7180,3,5000,13,6.53,,784,765,774,765,783,803,784,760,784,834,772,771,752,658
Samsung Galaxy A03s,7699,3,5000,13,6.5,,786,768,783,768,790,805,786,766,786,847,778,778,753,697
Jio Phone 3 2021,3499,0.5,2000,2,2.4,,955,911,956,911,957,900,955,887,955,949,924,918,895,921
POCO M3 Pro 5G,12499,4,5000,48,6.5,,671,651,656,651,687,684,671,618,671,718,655,651,617,506
Xiaomi Redmi Note 10S (6GB RAM + 128GB),16499,6,5000,64,6.43,,420,375,299,375,440,449,420,299,420,386,366,359,306,321
Vivo Y12s 2021,9990,3,5000,13,6.51,,795,774,798,774,798,793,795,784,795,884,790,788,759,782
Motorola Moto G40 Fusion,15750,4,6000,64,6.78,,450,394,304,394,445,471,450,460,450,501,443,458,381,410
iQOO 7 Legend,39990,8,4000,48,6.62,,445,535,578,535,405,341,445,641,445,591,563,563,627,757
Realme 8 5G,16999,4,5000,48,6.5,,683,661,666,661,695,642,683,659,683,743,672,671,642,680
Realme C11 2021,5999,2,5000,8,6.52,,827,810,835,810,824,842,827,833,827,867,824,831,797,718
Motorola Moto G10 Power,8799,4,6000,48,6.51,,563,540,534,540,583,601,563,439,563,581,524,527,499,169
Xiaomi Redmi Note 10 (6GB RAM + 128GB),15998,6,5000,48,6.43,,540,517,544,517,552,555,540,480,540,616,536,521,473,456
Motorola Moto E7 Power (2GB RAM + 32GB),7999,2,5000,13,6.5,,825,799,820,799,823,830,825,815,825,901,814,816,784,769
OPPO F19,20990,6,5000,48,6.4,,549,541,567,541,560,532,549,573,549,650,571,572,531,628
Samsung Galaxy S21 Plus 5G (8GB RAM + 256GB),85999,8,4800,64,6.7,,216,552,222,552,203,92,216,645,216,336,354,468,691,820
Vivo Y31 (6GB RAM + 128GB),16490,6,5000,48,6.58,,522,501,535,501,526,525,522,478,522,609,522,509,471,463
Samsung Galaxy M02s (4GB RAM + 64GB),10990,4,5000,13,6.5,,763,738,758,738,765,740,763,753,763,854,758,753,724,756
Realme Narzo 30,11999,4,5000,48,6.5,,669,649,654,649,686,686,669,609,669,716,652,645,614,466
Realme 8 Pro,16980,6,4500,108,6.4,,156,138,92,138,157,194,156,96,156,124,123,114,82,134
Nokia 5.4,8390,4,4000,48,6.39,,699,679,668,679,713,719,699,585,699,698,670,661,641,276
Motorola Moto G9 Power,7999,4,6000,64,6.78,,417,353,225,353,434,491,417,179,417,304,287,296,288,50
Xiaomi Mi 10T 5G (8GB RAM + 128GB),21898,8,5000,64,6.67,,185,167,157,167,185,212,185,188,185,227,189,186,164,306
Apple iPhone 12 Pro (256GB),119900,6,3500,12,6.1,,793,867,822,867,787,465,793,858,793,926,836,843,963,962
Samsung Galaxy F41 (6GB RAM + 128GB),17490,6,6000,64,6.4,,332,278,193,278,374,366,332,238,332,330,261,285,244,291
Realme Narzo 20 Pro (8GB RAM +128GB),16989,8,4500,48,6.5,,395,356,450,356,390,434,395,333,395,427,393,364,321,340
Vivo Y20 (6GB RAM + 64GB),16999,6,5000,13,6.51,,705,685,708,685,698,706,705,722,705,810,709,707,670,797
Samsung Galaxy F41,13999,6,6000,64,6.4,,310,248,168,248,369,393,310,168,310,292,235,229,202,170
Realme 7i,10999,4,5000,64,6.5,,557,534,420,534,578,583,557,422,557,521,528,508,432,250
Xiaomi Redmi 9i,8499,4,5000,13,6.53,,751,727,740,727,753,749,751,724,751,817,738,738,709,670
Itel Muzik 110,1046,0.0039,1900,0.8,1.8,,904,942,911,942,896,943,904,940,904,54,916,915,916,822
Nokia 3.4,7280,4,4000,13,6.39,,791,777,770,777,805,815,791,734,791,830,774,764,749,645
Realme Narzo 20,10499,4,6000,48,6.5,,570,544,556,544,585,599,570,506,570,630,560,559,509,283
Realme C12,7790,3,6000,13,6.52,,743,710,747,710,724,746,743,742,743,816,741,743,713,652
Xiaomi Redmi Note 9 (6GB RAM + 128GB),14990,6,5020,48,6.53,,524,499,530,499,530,545,524,448,524,594,506,496,453,398
Poco C3,5995,3,5000,13,6.53,,775,760,751,760,775,808,775,737,775,796,751,755,740,522
Realme 6 (6GB RAM + 64GB),14999,6,4300,64,6.5,,466,435,394,435,471,486,466,319,466,419,432,399,332,305
Motorola Moto G 5G,20999,6,5000,48,6.67,,519,506,545,506,515,479,519,555,519,639,547,552,508,613
Realme C11,5780,2,5000,13,6.5,,808,793,796,793,811,835,808,789,808,835,798,802,778,622
Samsung Galaxy A21s (6GB RAM + 64GB),12489,6,5000,48,6.5,,520,488,514,488,533,562,520,378,520,551,474,454,426,274
Vivo X50 (8GB RAM + 256GB),32990,8,4200,48,6.56,,435,491,548,491,401,375,435,597,435,560,529,529,534,716
Nokia 150 (2020),2349,0.0039,1020,0.3,2.4,,958,941,951,941,959,940,958,968,958,908,963,963,941,937
Vivo V19,27980,8,4500,48,6.44,,427,442,500,442,399,396,427,532,427,529,479,487,465,653
OPPO Find X2,46990,12,4200,48,6.7,,148,156,274,156,132,116,148,442,148,200,210,214,303,675
Realme 6 Pro,17999,6,4300,64,6.6,,457,436,397,436,454,472,457,395,457,452,458,431,364,426
Xiaomi Redmi 8 (4GB RAM + 64GB),10400,4,5000,12,6.22,,778,755,771,755,788,782,778,765,778,861,776,774,734,762
Xiaomi Redmi 8A,6900,2,5000,12,6.22,,834,816,825,816,838,850,834,816,834,882,820,818,791,738
Vivo Z1 Pro,13488,4,5000,16,6.53,,752,729,745,729,755,734,752,738,752,860,745,744,721,789
Samsung Galaxy A20s,9999,3,4000,13,6.5,,830,805,823,805,837,828,830,802,830,915,819,811,786,802
Vivo Y91i (2GB RAM +32GB),9990,2,4030,13,6.22,,857,832,857,832,859,855,857,840,857,935,850,849,822,841
Xiaomi Redmi Go (16GB),5499,1,3000,8,5,,885,874,904,874,888,879,885,876,885,940,877,876,843,854
Vivo Y93,11900,4,4030,13,6.2,,814,791,805,791,832,816,814,787,814,906,804,798,768,805
Xiaomi Redmi Note 6 Pro,11999,4,4000,12,6.26,,818,792,809,792,826,817,818,791,818,909,810,805,773,813
Xiaomi Redmi 6 (3GB RAM + 64GB),8999,3,3000,12,5.45,,866,848,864,848,872,868,866,834,866,936,855,854,827,837
Xiaomi Poco F1,18999,6,4000,12,6.18,,755,750,769,750,752,730,755,772,755,864,777,767,732,845
Vivo Y83 Pro,16990,4,3260,13,6.22,,840,821,846,821,842,826,840,823,840,932,841,832,810,871
Realme 2,9490,4,4230,13,6.2,,802,782,786,782,815,813,802,764,802,868,786,780,754,747
Kechaoda K112,1519,0.0312,3600,0.3,2.4,,897,891,920,891,909,891,897,912,897,345,897,908,868,796
Oppo A3s,9990,2,4230,13,6.2,,854,830,855,830,855,854,854,836,854,933,849,846,817,839
Motorola Moto G6 (4GB RAM + 64GB),9790,4,3000,12,5.7,,856,836,844,836,861,858,856,812,856,919,843,837,806,811
Vivo Y83,13999,4,3260,13,6.22,,839,819,838,819,840,831,839,813,839,928,833,820,800,848
Vivo V9,23990,4,3260,16,6.3,,835,822,837,822,839,804,835,824,835,934,838,826,819,888
Huawei Honor 9 Lite (3GB RAM + 32GB),12999,3,3000,13,5.65,,865,845,872,845,870,862,865,843,865,941,863,858,829,873
Vivo V7,13990,4,3000,16,5.7,,855,833,839,833,860,852,855,807,855,929,842,833,808,851
Lenovo K8 Plus,7290,3,4000,13,5.2,,861,840,829,840,867,863,861,805,861,907,840,840,809,766
Micromax Canvas Infinity,4990,3,2980,13,5.7,,859,842,810,842,865,866,859,788,859,846,831,829,813,617
Nokia 3310 (2017),3699,0.0469,1200,2,2.4,,965,934,964,934,967,933,965,916,965,961,959,959,930,948
Xiaomi Redmi Note 4 (3GB RAM+32GB),7449,3,4100,13,5.5,,852,834,816,834,862,860,852,795,852,905,827,828,803,752
Vox V5555,1699,0.0312,1300,1.3,4,,902,887,867,887,908,888,902,896,902,640,907,902,881,809
Samsung Galaxy On5 Pro,7490,2,2600,8,5,,884,870,906,870,885,878,884,871,884,952,874,874,840,872
Lava Pixel V2 (3GB RAM),4499,3,2500,13,5,,867,858,834,858,875,872,867,809,867,852,852,851,828,650
Lyf Earth 1,4538,3,3500,13,5.5,,849,838,793,838,863,865,849,771,849,809,812,815,805,503
Motorola Moto G (3rd Gen),6990,2,2470,13,5,,880,869,884,869,884,876,880,850,880,939,872,871,836,846
Caul X2 Plus,1099,0.0625,2750,0.3,1.77,,895,928,918,928,891,930,895,900,895,78,902,901,899,774
Snexian Rock R6 New,999,0.0312,3000,1.3,2.4,,882,893,863,893,879,894,882,891,882,29,884,888,873,433
Ringme R1 Plus Pro,1900,0.0312,1800,0.3,2.4,,942,927,937,927,945,927,942,938,942,755,941,943,913,895
Lvix Can 1,1199,0.0312,1200,0.3,1,,950,967,959,967,936,967,950,950,950,177,956,951,956,922
MTR Bold,1100,0.0312,3000,0.3,2.8,,883,889,859,889,882,890,883,898,883,48,889,893,871,527
Snexian Guru 913,999,0.0312,2500,0.3,2.4,,886,904,866,904,883,910,886,903,886,37,893,895,889,621
BlackZone U505,1311,0.0312,1100,0.08,1.54,,947,962,945,962,940,962,947,959,947,290,953,952,951,905
Lvix L1 Fold 2,1700,0.0156,1200,0.3,2.4,,944,937,933,937,943,937,944,954,944,728,949,947,929,899
BlackZone Vega,1699,0.0625,2500,0.3,2.4,,929,906,929,906,932,907,929,914,929,657,919,924,892,865
iKall Z2 (4GB RAM + 32 GB),5299,4,4000,8,5.99,,815,809,784,809,836,848,815,778,815,801,793,796,767,559
Foneme FM-2 F28,1200,0.0312,3000,0.3,2.8,,887,890,870,890,889,889,887,901,887,105,890,896,872,638
Ringme Pro 2,1650,0.0312,1050,0.3,2,,954,953,939,953,950,951,954,946,954,719,952,954,943,913
Gamma Mini M2,2249,0.0312,1000,2,1.77,,964,959,961,959,964,955,964,927,964,894,961,960,949,935
Foneme FM2 1502,950,0.0312,1000,0.3,1.44,,924,964,922,964,900,965,924,933,924,39,940,927,953,880
BlackZone S80,1715,0.0625,2000,0.3,2.4,,936,917,931,917,938,921,936,917,936,701,929,936,906,881
GFive Rose 314,699,0.0312,1000,0.3,1.8,,881,958,856,958,857,958,881,909,881,16,905,894,947,735
GFive Rose 310,680,0.0312,1000,0.3,1.8,,878,957,854,957,846,959,878,907,878,4,903,892,946,719
Lvix L1 Fold 1,1614,0.0156,1000,0.3,2.4,,943,940,924,940,942,941,943,955,943,673,950,946,934,896
Snexian Bold 3K,999,0.0312,1000,0.3,1.44,,930,965,926,965,912,964,930,935,930,46,943,932,954,886
Karbonn KX70,1140,0.0508,1800,0.03,1.8,,921,944,921,944,914,944,921,952,921,116,928,931,920,853
GFive Z9 New,664,0.0312,1000,0.3,1.8,,876,956,851,956,828,960,876,905,876,2,901,890,945,706
MTR Fold Z,1600,0.0312,2000,0.3,2.4,,931,919,923,919,933,924,931,929,931,601,930,935,907,877
Tryto Neo,680,0.0312,1100,0.3,1.8,,877,955,853,955,844,956,877,906,877,3,899,891,942,703
