Model,Price (INR),RAM (GB),Battery (mAh),Camera (MP),Display (Inches),Average_Rank,Borda_Count,Median_Rank,Overall_Consensus_Rank
Xiaomi Redmi Note 13 Pro 5G (12GB RAM + 256GB),26794,12,5100,200,6.67,2.071428571,13537,1,1
Honor 90 5G (12GB RAM +512GB),28499,12,5000,200,6.7,3.285714286,13520,2,2
Realme 11 Pro Plus (12GB RAM + 256GB),29999,12,5000,200,6.7,4.071428571,13509,3,3
Xiaomi Redmi Note 12 Pro Plus (12GB RAM + 256GB),29999,12,4980,200,6.67,6.928571429,13469,6,4
Xiaomi Redmi Note 13 Pro Plus (12GB RAM + 256GB),32715,12,5000,200,6.67,6.928571429,13469,7,4
Xiaomi Redmi Note 13 Pro Plus (12GB RAM + 512GB),33465,12,5000,200,6.67,8.142857143,13452,7,6
Xiaomi Redmi Note 13 Pro 5G,23630,8,5100,200,6.67,11.57142857,13404,12,7
Xiaomi Redmi Note 13 Pro 5G (8GB RAM + 256GB),25137,8,5100,200,6.67,12.35714286,13393,13,8
Honor 90 5G,25745,8,5000,200,6.7,13.42857143,13378,14,9
Realme 11 Pro Plus,27999,8,5000,200,6.7,14.28571429,13366,15,10
Xiaomi Redmi Note 12 Pro Plus,27999,8,4980,200,6.67,15.57142857,13348,16,11
Xiaomi Redmi Note 13 Pro Plus,30770,8,5000,200,6.67,16.92857143,13329,17,12
Samsung Galaxy S23 Ultra 5G,96999,12,5000,200,6.8,18.14285714,13312,7,13
Infinix Zero Ultra,36999,8,4500,200,6.8,20.28571429,13282,18,14
Samsung Galaxy S23 Ultra (12GB RAM + 512GB),103990,12,5000,200,6.8,21,13272,8,15
Infinix Zero 30 5G (12GB RAM + 256GB),22999,12,5000,108,6.78,23.21428571,13241,22.5,16
Xiaomi Redmi Note 13 5G (12GB RAM + 256GB),20505,12,5000,108,6.67,23.28571429,13240,20.5,17
Realme Narzo 60 Pro (12GB RAM + 256GB),25990,12,5000,100,6.7,30.28571429,13142,31.5,18
Samsung Galaxy S24 Ultra,129999,12,5000,200,6.8,30.5,13139,10,19
Realme 11 Pro (12GB RAM + 256GB),27999,12,5000,100,6.7,33,13104,32.5,20
Samsung Galaxy S24 Ultra (12GB RAM + 512GB),139999,12,5000,200,6.8,35.71428571,13066,11.5,21
Infinix Note 30 5G (8GB RAM + 256GB),14898,8,5000,108,6.78,42.07142857,12977,37,22
Motorola Edge Plus,49999,12,5000,108,6.7,42.42857143,12972,30,23
Samsung Galaxy F54,24359,8,6000,108,6.7,42.5,12971,38,24
Xiaomi 11T Pro 5G (12GB RAM + 256GB),49990,12,5000,108,6.67,43.78571429,12953,31,25
Realme 11,14999,8,5000,108,6.72,44.57142857,12942,38,26
Infinix Note 12 Pro,14849,8,5000,108,6.7,45.14285714,12934,39,27
Honor X9B,24675,8,5800,108,6.78,45.28571429,12932,41,28
Realme 12 5G (8GB RAM + 128GB),15999,8,5000,108,6.72,47.28571429,12904,40,29
Samsung Galaxy S24 Ultra (12GB RAM + 1TB),159999,12,5000,200,6.8,47.71428571,12898,13,30
Realme 11 5G (8GB RAM + 256GB),17380,8,5000,108,6.72,50.07142857,12865,44,31
OnePlus Nord CE 3 Lite 5G,17549,8,5000,108,6.72,51.14285714,12850,45.5,32
Xiaomi Redmi Note 11 Pro 4G (8GB RAM + 128GB),16490,8,5000,108,6.67,51.35714286,12847,45,33
Asus ROG Phone 5s Pro 5G,79999,18,6000,64,6.78,52.07142857,12837,19.5,34
Infinix Note 12 Pro 5G,18999,8,5000,108,6.7,55.21428571,12793,54,35
OnePlus Nord CE 3 Lite 5G (8GB RAM + 256GB),19711,8,5000,108,6.72,55.71428571,12786,53.5,36
Xiaomi Redmi Note 11S (8GB RAM + 128GB),13870,8,5000,108,6.43,56.07142857,12781,53,37
Infinix Zero 30 5G,21549,8,5000,108,6.78,56.35714286,12777,52.5,38
Xiaomi Redmi Note 13 5G (8GB RAM + 256GB),18844,8,5000,108,6.67,56.71428571,12772,56.5,39
Samsung Galaxy S20 Ultra,69990,12,5000,108,6.9,58.14285714,12752,28.5,40
Realme 10 Pro (8GB RAM + 128GB),21999,8,5000,108,6.72,60.71428571,12716,57.5,41
Poco X6 5G (12GB RAM + 256GB),21999,12,5100,64,6.67,61.57142857,12704,50,42
iQOO 12 5G (16GB RAM + 512GB),57999,16,5000,64,6.78,61.85714286,12700,30,43
OnePlus 12R (16GB RAM + 256GB),45200,16,5500,50,6.78,63.42857143,12678,37,44
Poco X6 5G (12GB RAM + 512GB),22999,12,5100,64,6.67,64.92857143,12657,54.5,45
OnePlus 11R (16GB RAM + 256GB),39798,16,5000,50,6.74,66.14285714,12640,44,46
Infinix GT 10 Pro,24999,8,5000,108,6.67,67.57142857,12620,62,47
Realme 9 4G (8GB RAM + 128GB),17999,8,5000,108,6.4,67.64285714,12619,60,48
OnePlus 12 (16GB RAM + 512GB),69099,16,5400,64,6.82,68.21428571,12611,29,49
Motorola Moto G54 5G (12GB RAM +256GB),15999,12,6000,50,6.5,68.64285714,12605,61,50
Tecno Camon 20 Premier,25999,8,5000,108,6.67,71.07142857,12571,64.5,51
Infinix Zero 20,17999,8,4500,108,6.7,71.28571429,12568,63.5,52
Motorola Moto G60,14890,6,6000,108,6.78,72.21428571,12555,66,53
Vivo X100 5G (16GB RAM + 512GB),65999,16,5000,64,6.78,72.78571429,12547,32,54
iQOO 11 (16GB RAM + 256GB),44999,16,5000,50,6.78,73.42857143,12538,43,55
iQOO Neo 7 (12GB RAM + 256GB),27999,12,5000,64,6.78,73.57142857,12536,67.5,56
Xiaomi Mi 10i (8GB RAM + 128GB),23999,8,4820,108,6.67,73.92857143,12531,71,57
Xiaomi Mi 10T Pro 5G,27999,8,5000,108,6.67,74.71428571,12520,67,58
Samsung Galaxy S22 Ultra 5G,84999,12,5000,108,6.8,75.71428571,12506,32.5,59
Poco X5 Pro (8GB RAM + 256GB),28999,8,5000,108,6.67,77.07142857,12487,68.5,60
Samsung Galaxy M53 5G (8GB RAM + 128GB),29999,8,5000,108,6.7,77.28571429,12484,70,61
Poco X6 Pro 5G (12GB RAM + 512GB),27999,12,5000,64,6.67,78.42857143,12468,71,62
Realme C53 (6GB RAM + 64GB),8847,6,5000,108,6.74,81.42857143,12426,77.5,63
Poco F4 (12GB RAM + 256GB),21999,12,4500,64,6.67,82.42857143,12412,76,64
Realme C53 (6GB RAM + 128GB),9149,6,5000,108,6.74,83.42857143,12398,80,65
Realme 12 Pro Plus 5G (12GB RAM + 256GB),30900,12,5000,64,6.7,83.5,12397,71.5,66
Realme 8 Pro (8GB RAM + 128GB),18999,8,4500,108,6.4,84.64285714,12381,81,67
Samsung Galaxy S21 Ultra,92999,12,5000,108,6.8,85.92857143,12363,33.5,68
Realme Narzo 60 Pro 5G,23399,8,5000,100,6.7,86.64285714,12353,80,69
Poco F5 (12GB RAM + 256GB),30999,12,5000,64,6.67,87.07142857,12347,73.5,70
Xiaomi Mi 11X Pro,26990,8,4520,108,6.67,88.42857143,12328,82.5,71
Realme 11 Pro,23999,8,5000,100,6.7,88.85714286,12322,82,72
Samsung Galaxy S22 Ultra 5G (12GB RAM + 512GB),94999,12,5000,108,6.8,89.57142857,12312,34.5,73
Xiaomi 11i HyperCharge 5G (8GB RAM + 128GB),26900,8,4500,108,6.67,89.57142857,12312,83.5,73
Realme 11 Pro (8GB RAM + 256GB),24999,8,5000,100,6.7,90.92857143,12293,83.5,75
OnePlus 11 (16GB RAM + 256GB),57998,16,5000,50,6.7,96.42857143,12216,46,76
Xiaomi Mi 11T Pro 5G,39999,8,5000,108,6.67,99.28571429,12176,83.5,77
OnePlus 11 5G Marble Odyssey,59990,16,5000,50,6.7,99.64285714,12171,47.5,78
OnePlus Nord CE 5G (12GB RAM + 256GB),24990,12,4500,64,6.43,100.1428571,12164,89,79
Vivo V25 Pro (12GB RAM + 256GB),32955,12,4830,64,6.56,101.3571429,12147,81,80
Motorola Moto G84 5G,17999,12,5000,50,6.55,102,12138,101.5,81
Xiaomi Redmi Note 11 Pro 4G,14990,6,5000,108,6.67,102,12138,96,81
Oppo Reno 8T,38999,8,4800,108,6.7,102.7142857,12128,87,83
Xiaomi Redmi Note 11S,12700,6,5000,108,6.43,105.9285714,12083,102.5,84
Samsung Galaxy A73 5G (8GB RAM + 256GB),43990,8,5000,108,6.7,106.1428571,12080,84.5,85
Realme 12 5G,16990,6,5000,108,6.72,106.2142857,12079,100.5,86
Oukitel WP22,28699,8,10000,48,6.58,106.5714286,12074,74,87
Motorola Edge 20 5G,26999,8,4000,108,6.7,107.4285714,12062,95.5,88
Xiaomi Redmi Note 11S (6GB RAM + 128GB),13099,6,5000,108,6.43,107.5714286,12060,104,89
Xiaomi Redmi Note 13 5G,16820,6,5000,108,6.67,108.7142857,12044,102,90
Vivo V23 Pro 5G,29990,8,4300,108,6.56,109.5714286,12032,97,91
Xiaomi Redmi Note 12 Pro (12GB RAM + 256GB),22999,12,5000,50,6.67,110.7857143,12015,99,92
Realme 9 4G,15150,6,5000,108,6.4,114.7857143,11959,109.5,93
Xiaomi Redmi Note 10 Pro Max (6GB RAM + 128GB),18820,6,5020,108,6.67,115.2857143,11952,108,94
Motorola Moto G72 4G,16999,6,5000,108,6.55,115.7142857,11946,109,95
Realme 10 Pro,19499,6,5000,108,6.72,115.7142857,11946,109,95
Realme GT Neo 3 Thor Limited Edition,25999,12,5000,50,6.7,118,11914,102,97
Poco X5 Pro,19898,6,5000,108,6.67,120.0714286,11885,111.5,98
Realme X50 Pro 5G (12GB RAM + 256GB),29999,12,4200,64,6.44,122.8571429,11846,103,99
Motorola Edge 40 Neo (12GB RAM + 256GB),24999,12,5000,50,6.55,122.9285714,11845,110,100
Nothing Phone 2a (12GB RAM + 256GB),27999,12,5000,50,6.7,123.3571429,11839,105,101
iQOO 12 5G,52999,12,5000,64,6.78,125.7142857,11806,92,102
Xiaomi Mi 11i 5G,24999,6,5160,108,6.67,129.2857143,11756,124,103
Realme C53,8709,4,5000,108,6.74,129.7142857,11750,131.5,104
Poco X3 (8GB RAM + 128GB),15900,8,6000,64,6.67,132.2857143,11714,125,105
Oppo Reno 10 Pro Plus,49499,12,4700,64,6.74,132.5,11711,101,106
Realme 8 Pro,16980,6,4500,108,6.4,132.8571429,11706,136,107
Vivo X100 Pro 5G,89999,16,5400,50,6.78,133.5714286,11696,69,108
iQOO Neo 7 Pro (12GB RAM + 256GB),33999,12,5000,50,6.78,133.9285714,11691,103,109
Tecno Pova 4,9099,8,6000,50,6.82,134.3571429,11685,139,110
Realme 10 Pro Plus,24999,6,5000,108,6.7,135,11676,128,111
OnePlus 12 5G,63679,12,5400,64,6.82,135.4285714,11670,95.5,112
Realme GT Neo 3 5G (12GB RAM + 256GB),25554,12,4500,50,6.7,139.8571429,11608,124,113
iQOO Neo 9 Pro 5G (12GB RAM + 256GB),38999,12,5160,50,6.78,140.8571429,11594,104.5,114
Xiaomi Redmi 10 Power,9849,8,6000,50,6.7,142.1428571,11576,141,115
Samsung Galaxy M53 5G,27499,6,5000,108,6.7,142.5,11571,136.5,116
OnePlus Open 5G,133333,16,4805,64,7.82,144.2857143,11546,42,117
OnePlus 10R 5G (12GB RAM + 256GB),35999,12,5000,50,6.7,144.5,11543,111.5,118
Vivo V30 5G (12GB RAM + 256GB),37999,12,5000,50,6.78,144.7142857,11540,110.5,119
Motorola Moto G24 Power (8GB RAM + 128GB),8999,8,6000,50,6.6,145.4285714,11530,147,120
Infinix Note 30 5G,11699,4,5000,108,6.78,145.5714286,11528,150,121
Xiaomi 11i HyperCharge 5G,23900,6,4500,108,6.67,146,11522,141,122
Realme C55 (8GB RAM + 128GB),13734,8,5000,64,6.72,147.4285714,11502,145,123
Tecno Camon 20,12999,8,5000,64,6.67,147.7857143,11497,151,124
POCO M4 Pro 4G (8GB RAM + 128GB),9999,8,5000,64,6.43,148.2142857,11491,155,125
Tecno Camon 20 Avocado Art Edition,13049,8,5000,64,6.67,148.7857143,11483,152,126
Tecno Pova 5 4G,11949,8,6000,50,6.78,149,11480,140.5,127
Realme 11x 5G (8GB RAM + 128GB),13999,8,5000,64,6.72,149.5,11473,146,128
Samsung Galaxy F62 (8GB RAM + 128GB),30999,8,7000,64,6.7,150.3571429,11461,131,129
Tecno Camon 19 Pro Mondrian Edition,15999,8,5000,64,6.8,152.7142857,11428,145,130
Lava Agni 5G,15990,8,5000,64,6.78,154.8571429,11398,148,131
Infinix Hot 30 5G (8GB RAM + 128GB),12980,8,6000,50,6.78,156,11382,145,132
Tecno Phantom X2 Pro,44999,12,5160,50,6.8,157.0714286,11367,113,133
Vivo V29 (12GB RAM + 256GB),35900,12,4600,50,6.78,160.0714286,11325,121.5,134
Vivo V27 (12GB RAM + 256GB),35999,12,4600,50,6.78,161.0714286,11311,123,135
Nothing Phone 2 (12GB RAM + 256GB),36999,12,4700,50,6.7,165.1428571,11254,126,136
OPPO Reno 8 Pro 5G,33999,12,4500,50,6.7,169.2142857,11197,129,137
OnePlus 10T (12GB RAM + 256GB),40999,12,4800,50,6.7,170.1428571,11184,127.5,138
Nothing Phone 2 (12GB RAM + 512GB),38999,12,4700,50,6.7,170.8571429,11174,129,139
Tecno Phantom V Fold,69899,12,5000,50,7.85,171.0714286,11171,105,140
Vivo V30 Pro (12GB RAM + 512GB),46999,12,5000,50,6.78,171.1428571,11170,124,141
Lava Blaze Curve 5G,17999,8,5000,64,6.67,172.5714286,11150,174.5,142
Vivo V27 Pro (12GB RAM + 256GB),39490,12,4600,50,6.78,173.4285714,11138,130,143
OPPO Reno7 Pro 5G,32950,12,4500,50,6.55,173.6428571,11135,135.5,144
OnePlus 9 (12GB RAM + 256GB),32990,12,4500,50,6.55,174.5714286,11122,135.5,145
OPPO Reno 10 Pro,37999,12,4600,50,6.7,174.9285714,11117,134.5,146
Poco X4 Pro 5G (8GB RAM + 128GB),18745,8,5000,64,6.67,177,11088,177.5,147
Realme 8 (8GB RAM + 128GB),14490,8,5000,64,6.4,177.5,11081,169,148
Samsung Galaxy F42 5G (8GB RAM + 128GB),17750,8,5000,64,6.6,177.7142857,11078,181.5,149
Realme Narzo 60 5G,14999,8,5000,64,6.43,177.9285714,11075,168.5,150
Vivo V29 Pro (12GB RAM + 256GB),40990,12,4600,50,6.78,179.0714286,11059,134.5,151
OnePlus Nord 2 Pac Man Limited Edition,32990,12,4500,50,6.43,180.4285714,11040,142.5,152
OnePlus 9R (12GB RAM + 256GB),31990,12,4500,48,6.55,181.8571429,11020,142.5,153
OPPO Reno 11 Pro 5G,39999,12,4600,50,6.7,182.5,11011,138.5,154
Tecno Camon 20 Pro 5G (8GB RAM + 256GB),19999,8,5000,64,6.67,183.0714286,11003,181,155
itel S23,6997,8,5000,50,6.6,183.8571429,10992,193,156
OnePlus Nord 2T (12GB RAM + 256GB),33998,12,4500,50,6.43,185,10976,141.5,157
Tecno Spark 10 Pro Moon Explorer Edition,8999,8,5000,50,6.8,185.1428571,10974,191,158
Samsung Galaxy M51,19990,6,7000,64,6.7,186.8571429,10950,173,159
Motorola Moto G54 5G,13999,8,6000,50,6.5,188.5714286,10926,182.5,160
OnePlus Nord 2 5G (12GB RAM + 256GB),34999,12,4500,50,6.43,189.5,10913,144,161
Vivo X90 (12GB RAM + 256GB),49990,12,4810,50,6.78,189.5,10913,136.5,161
Realme Narzo N53 (8GB RAM + 128GB),8919,8,5000,50,6.74,189.9285714,10907,197,163
Samsung Galaxy M52 5G (8GB RAM + 128GB),21990,8,5000,64,6.7,190.2142857,10903,180,164
Realme 8s 5G (8GB RAM + 128GB),18380,8,5000,64,6.5,190.4285714,10900,191.5,165
Tecno Spark 10 Pro,9499,8,5000,50,6.8,191.1428571,10890,198,166
Poco C65 (8GB RAM + 256GB),8999,8,5000,50,6.74,191.5714286,10884,198.5,167
Xiaomi Redmi Note 10S (8GB RAM + 128GB),17550,8,5000,64,6.43,192.2857143,10874,193.5,168
Xiaomi Mi 10T 5G (8GB RAM + 128GB),21898,8,5000,64,6.67,193.0714286,10863,185,169
OPPO F23,22999,8,5000,64,6.72,193.7857143,10853,177,170
Infinix Smart 8 (8GB RAM + 128 GB),8299,8,5000,50,6.6,197.7142857,10798,205,171
Vivo V29e,24980,8,5000,64,6.78,199.2142857,10777,182.5,172
itel P55 4G (8GB RAM + 128GB),8475,8,5000,50,6.6,200.6428571,10757,207,173
Oppo F25 Pro 5G,23999,8,5000,64,6.7,201.2142857,10749,184,174
Infinix Hot 30i,8499,8,5000,50,6.6,201.5714286,10744,208,175
Motorola Moto G40 Fusion (6GB RAM + 128GB),14490,6,6000,64,6.78,207.7142857,10658,191,176
Tecno Spark 20C,8999,8,5000,50,6.6,208.7142857,10644,213.5,177
Vivo Y200 5G,21999,8,4800,64,6.67,210.2142857,10623,199.5,178
Poco F3 GT 5G (8GB RAM+256GB),26190,8,5065,64,6.67,211.7857143,10601,190.5,179
Infinix Hot 40i,9298,8,5000,50,6.6,212.6428571,10589,218,180
Realme Narzo 60 5G (8GB RAM +256GB),20898,8,5000,64,6.43,213.3571429,10579,212.5,181
Oppo F25 Pro 5G (8GB RAM + 256GB),25999,8,5000,64,6.7,213.4285714,10578,192,182
Vivo V29e (8GB RAM + 256GB),27648,8,5000,64,6.78,213.8571429,10572,181.5,183
Google Pixel 7 Pro 5G,63999,12,5000,50,6.7,214.8571429,10558,150.5,184
Samsung Galaxy F34 5G (8GB RAM + 128GB),17860,8,6000,50,6.5,215.4285714,10550,208,185
Xiaomi Redmi 13C (8GB RAM + 256GB),11499,8,5000,50,6.74,216.1428571,10540,217.5,186
Vivo Y200 5G (8GB RAM +  256GB),23155,8,4800,64,6.67,216.2857143,10538,201,187
Vivo X70 Pro Plus 5G,52999,12,4500,50,6.78,216.2857143,10538,156.5,187
Lava Storm 5G,11999,8,5000,50,6.78,216.2857143,10538,217.5,187
Poco X6 Pro 5G,25999,8,5000,64,6.67,217.5,10521,195,190
Samsung Galaxy M34 5G (8GB RAM + 128GB),17998,8,6000,50,6.5,217.5714286,10520,209.5,191
OPPO F21 Pro 4G,16899,8,4500,64,6.5,217.9285714,10515,225.5,192
Poco X3,13999,6,6000,64,6.67,219.1428571,10498,200,193
itel P55 Plus,9999,8,5000,50,6.6,219.9285714,10487,227,194
Poco X2 (8GB RAM + 256GB),19999,8,4500,64,6.67,221.2857143,10468,217,195
Vivo X80 5G (12GB RAM + 256GB),54990,12,4500,50,6.78,221.5714286,10464,162.5,196
Poco M6 5G (8GB RAM + 256GB),11999,8,5000,50,6.74,222.6428571,10449,227,197
Realme GT Neo 3T (8GB RAM + 128GB),25999,8,5000,64,6.62,222.7857143,10447,201,198
Lava Yuva 3 Pro,8899,8,5000,50,6.5,223.1428571,10442,229,199
Realme 7 Pro (8GB RAM + 128GB),15799,8,4500,64,6.4,223.8571429,10432,227,200
Lava Blaze Pro 5G,12799,8,5000,50,6.78,225.0714286,10415,225,201
Poco M6 Pro 5G (8GB RAM + 256GB),12999,8,5000,50,6.79,226.0714286,10401,225.5,202
Tecno Spark 10,9999,8,5000,50,6.56,226.2142857,10399,230,203
iQOO Z7 Pro 5G,23915,8,4600,64,6.78,226.7142857,10392,211.5,204
iQOO Z7s (8GB RAM + 128GB),15720,8,4500,64,6.38,226.8571429,10390,229,205
Motorola Moto G32 (8GB RAM + 128GB),9999,8,5000,50,6.55,228.2142857,10371,232,206
Vivo T2 Pro 5G,23999,8,4600,64,6.78,228.2142857,10371,213,206
Realme 12 Pro Plus,28746,8,5000,64,6.7,229.6428571,10351,190,208
Samsung Galaxy M33 5G (8GB RAM + 128GB),21501,8,6000,50,6.6,231.1428571,10330,213.5,209
Poco F5,28399,8,5000,64,6.67,231.3571429,10327,194,210
OPPO F21s Pro 4G,17480,8,4500,64,6.43,232.1428571,10316,237,211
Vivo V25 Pro 5G,23999,8,4830,64,6.56,233.4285714,10298,215,212
Tecno Spark 20,10499,8,5000,50,6.56,234.2142857,10287,240,213
Realme GT Neo 3T (8GB RAM + 256GB),27989,8,5000,64,6.62,234.9285714,10277,202,214
Lava Blaze 2 Pro,9998,8,5000,50,6.5,235,10276,237,215
Vivo T2 Pro 5G (8GB RAM + 256GB),24999,8,4600,64,6.78,235.4285714,10270,214.5,216
Xiaomi Redmi K50i (8GB RAM + 256GB),28999,8,5080,64,6.6,235.7142857,10266,205,217
Realme GT Neo2 5G,27999,8,5000,64,6.62,235.7857143,10265,203,218
Lava Blaze 5G (8GB RAM + 128GB),9999,8,5000,50,6.5,235.8571429,10264,238,219
iQOO 9 5G (12GB RAM + 256GB),46990,12,4350,48,6.56,236.5714286,10254,179,220
OPPO Find X2,46990,12,4200,48,6.7,237.2857143,10244,178,221
Samsung Galaxy A53 5G (8GB RAM + 128GB),25990,8,5000,64,6.5,238.2857143,10230,216,222
itel S23 Plus,13999,8,5000,50,6.78,238.6428571,10225,239.5,223
Vivo Y36 4G,11999,8,5000,50,6.64,239.5,10213,245,224
Xiaomi Mi 11 Lite (8GB RAM + 128GB),17840,8,4250,64,6.55,244.1428571,10148,252,225
Vivo T2 5G (8GB RAM + 128GB),17999,8,4500,64,6.38,244.4285714,10144,252,226
Tecno Phantom X2,36999,8,5160,64,6.8,244.5714286,10142,211,227
Tecno Spark 20 (8GB RAM + 256GB),11499,8,5000,50,6.56,245.5714286,10128,256,228
Xiaomi Redmi 12 5G (8GB RAM + 256GB),14999,8,5000,50,6.79,246.1428571,10120,241,229
Realme 12 Pro Plus 5G (8GB RAM + 256GB),31999,8,5000,64,6.7,248.2142857,10091,218,230
iQOO Neo 7 5G,33999,8,5000,64,6.78,248.4285714,10088,215,231
Tecno Pova 5 Pro,14999,8,5000,50,6.78,248.5,10087,243,232
Xiaomi Redmi 13C 5G (8GB RAM + 256GB),14499,8,5000,50,6.74,248.6428571,10085,248,233
Realme C55 (6GB RAM + 64GB),8520,6,5000,64,6.72,250.8571429,10054,244.5,234
Tecno Spark 10 5G (8GB RAM + 128GB),11999,8,5000,50,6.56,251.7857143,10041,262.5,235
Samsung Galaxy M31s,14990,6,6000,64,6.5,253.3571429,10019,236,236
OPPO Reno 10,32999,8,5000,64,6.7,254,10010,223,237
Tecno Pova 5 Pro 5G (8GB RAM + 256GB),15999,8,5000,50,6.78,256.7857143,9971,247.5,238
Vivo V25 5G,21490,8,4500,64,6.44,258.6428571,9945,250.5,239
Vivo Y100A,19990,8,4500,64,6.38,259.7142857,9930,263,240
Samsung Galaxy A53 (8GB RAM + 256GB),29999,8,5000,64,6.5,260.7857143,9915,239,241
Samsung Galaxy F41,13999,6,6000,64,6.4,260.8571429,9914,248,242
Samsung Galaxy A52 (8GB RAM + 128GB),22999,8,4500,64,6.5,261.5714286,9904,247,243
Tecno Spark 10 5G (8GB RAM + 256GB),12999,8,5000,50,6.56,261.7857143,9901,269.5,244
Motorola Moto G34 5G (8GB RAM + 128GB),11999,8,5000,50,6.5,262.0714286,9897,274,245
Samsung Galaxy A14 5G (8GB RAM + 128GB),13599,8,5000,50,6.6,262.3571429,9893,270,246
Vivo T1 Pro 5G (8GB RAM + 128GB),24999,8,4700,64,6.44,262.5,9891,250,247
OPPO F21s Pro,21707,8,4500,64,6.43,262.8571429,9886,255,248
OnePlus Nord CE 2 5G (8GB RAM + 128GB),21982,8,4500,64,6.43,265.4285714,9850,257.5,249
Vivo X80 Pro 5G,79999,12,4700,50,6.78,265.7142857,9846,182.5,250
Poco F4 5G (8GB RAM + 128GB),26990,8,4500,64,6.67,265.8571429,9844,242,251
Realme Narzo N55 (6GB RAM + 128GB),9740,6,5000,64,6.72,267.4285714,9822,264.5,252
Samsung Galaxy Z Fold 4 (12GB RAM + 512GB),110000,12,4400,50,7.6,271.8571429,9760,173,253
OPPO F21 Pro 5G,22779,8,4500,64,6.43,273.2142857,9741,264.5,254
Vivo Y100 5G,21800,8,4500,64,6.38,274.4285714,9724,270,255
Samsung Galaxy A72 (8GB RAM + 256GB),37999,8,5000,64,6.7,275.0714286,9715,252,256
OnePlus Nord CE 5G (8GB RAM + 128GB),22990,8,4500,64,6.43,275.2857143,9712,267,257
OPPO A79 5G,17090,8,5000,50,6.72,275.4285714,9710,275.5,258
Samsung Galaxy M32 (6GB RAM + 128GB),15499,6,6000,64,6.4,277,9688,262,259
Vivo T2x 5G (8GB RAM + 128GB),14999,8,5000,50,6.58,278.4285714,9668,282.5,260
Realme GT 5G,23900,8,4500,64,6.43,280.8571429,9634,273,261
Xiaomi 14,69999,12,4610,50,6.36,280.9285714,9633,214.5,262
Doogee S96 GT,25000,8,6350,48,6.22,283.9285714,9591,245.5,263
OPPO A77s,14999,8,5000,50,6.56,284,9590,290,264
Xiaomi Redmi Note 11T 5G (8GB RAM + 128GB),15999,8,5000,50,6.6,285.1428571,9574,287,265
Vivo Y73 2021,16490,8,4000,64,6.44,285.6428571,9567,284.5,266
Xiaomi 12 Pro 5G (12GB RAM + 256GB),84999,12,4600,50,6.73,286.7142857,9552,194.5,267
Samsung Galaxy Z Fold 4,119699,12,4400,50,7.6,287,9548,175,268
Oppo A78,15499,8,5000,50,6.56,289.7142857,9510,296,269
Vivo Y35,15990,8,5000,50,6.58,290.2857143,9502,294.5,270
Infinix Zero 5G 2023 Turbo,19999,8,5000,50,6.78,290.3571429,9501,284.5,271
Samsung Galaxy S24 Plus,99999,12,4900,50,6.7,290.3571429,9501,181,271
Google Pixel 8 Pro,106999,12,5050,50,6.7,290.8571429,9494,171,273
Vivo Y100A (8GB RAM + 256GB),23999,8,4500,64,6.38,290.9285714,9493,284,274
Poco M4 Pro 5G (8GB RAM + 128GB),16499,8,5000,50,6.6,291.5714286,9484,293.5,275
Samsung Galaxy F41 (6GB RAM + 128GB),17490,6,6000,64,6.4,295.2857143,9432,288,276
Vivo Y56,16470,8,5000,50,6.58,296.6428571,9413,299.5,277
Nokia G42 5G (8GB RAM + 256GB),16235,8,5000,50,6.56,297.6428571,9399,302.5,278
Realme X7 Pro,29999,8,4500,64,6.55,298.0714286,9393,289,279
OPPO A96 4G,16999,8,5000,50,6.59,298.9285714,9381,301.5,280
OPPO Reno7 5G,26990,8,4500,64,6.43,300.6428571,9357,284,281
Realme X7 Max,26999,8,4500,64,6.43,301.6428571,9343,285,282
Realme 11x 5G,12999,6,5000,64,6.72,303,9324,304,283
Poco X3 Pro (8GB RAM + 128GB),18990,8,5160,48,6.67,303.5714286,9316,295.5,284
Xiaomi Mi 11 Lite NE 5G (8GB RAM + 128GB),25999,8,4250,64,6.55,304.6428571,9301,290.5,285
Realme GT Master Edition 5G,23999,8,4300,64,6.43,305.6428571,9287,299,286
Vivo Y28 5G (8GB RAM + 128GB),16999,8,5000,50,6.56,305.8571429,9284,309,287
POCO M4 Pro 4G,10490,6,5000,64,6.43,306.7142857,9272,316,288
Google Pixel 8 Pro (12GB RAM + 256 GB),113999,12,5050,50,6.7,306.7857143,9271,176.5,289
Xiaomi Redmi 10 (6GB RAM + 128GB),10350,6,6000,50,6.7,307.0714286,9267,300,290
iQOO Z9 5G,19999,8,5000,50,6.67,307.8571429,9256,298,291
Samsung Galaxy S24 Plus (12GB RAM + 512GB),109999,12,4900,50,6.7,308.0714286,9253,184.5,292
Samsung Galaxy A23 (8GB RAM + 128GB),18298,8,5000,50,6.6,308.9285714,9241,315.5,293
Oppo A78 4G,15499,8,5000,50,6.43,310.2142857,9223,314,294
iQOO Z6 5G (8GB RAM + 128GB),17999,8,5000,50,6.58,310.5,9219,320,295
Realme 10 (8GB RAM + 128GB),15198,8,5000,50,6.4,311.4285714,9206,316.5,296
OPPO Find N3 Flip,94999,12,4300,50,6.8,311.6428571,9203,228.5,297
Xiaomi Redmi Note 12 Pro (8GB RAM + 256GB),20654,8,5000,50,6.67,314.1428571,9168,302,298
Vivo Y200e 5G (8GB RAM + 128GB),20999,8,5000,50,6.67,317.8571429,9116,305,299
Poco X4 Pro 5G,13990,6,5000,64,6.67,318.7142857,9104,316,300
Samsung Galaxy A52s 5G (8GB RAM + 128GB),32900,8,4500,64,6.5,318.8571429,9102,316,301
Samsung Galaxy F14 5G (6GB RAM + 128GB),10490,6,6000,50,6.6,319.9285714,9087,317,302
Oppo Reno 5 Pro 5G,30500,8,4350,64,6.53,320.9285714,9073,314,303
Motorola Moto G9 Power,7999,4,6000,64,6.78,322.2142857,9055,328.5,304
Samsung Galaxy S20 Plus,39990,8,4500,64,6.7,322.5,9051,317,305
OnePlus Nord CE 3 5G,22429,8,5000,50,6.7,323.5,9037,307,306
Vivo V21e 5G,21490,8,4000,64,6.44,325.6428571,9007,329.5,307
Xiaomi Redmi Note 11SE,11999,6,5000,64,6.43,326.4285714,8996,338,308
Samsung Galaxy M14 (6GB RAM + 128GB),10990,6,6000,50,6.6,326.5714286,8994,322,309
OPPO K10 (8GB RAM + 128GB),19999,8,5000,50,6.59,326.7142857,8992,326,310
iQOO Z9 5G (8GB RAM + 256GB),21999,8,5000,50,6.67,327.3571429,8983,309.5,311
Poco C55 (6GB RAM + 128GB),6499,6,5000,50,6.71,328.4285714,8968,360,312
Xiaomi Redmi Note 12 (8GB RAM + 256GB),18999,8,5000,48,6.67,328.7142857,8964,326,313
Samsung Galaxy Z Fold 5,154999,12,4400,50,7.6,328.7142857,8964,179,313
POCO M4 Pro 4G (6GB RAM + 128GB),12295,6,5000,64,6.43,329.0714286,8959,340.5,315
Samsung Galaxy S21 Plus,49000,8,4800,64,6.7,330.0714286,8945,306.5,316
Realme GT Master Edition 5G (8GB RAM + 256GB),27999,8,4300,64,6.43,331.5,8925,314.5,317
Vivo T1 44W (8GB RAM + 128GB),17999,8,5000,50,6.44,332.0714286,8917,341,318
Lava Agni 2 5G,19999,8,4700,50,6.78,332.6428571,8909,328.5,319
Vivo V23 5G,25990,8,4200,64,6.44,333.1428571,8902,319,320
Samsung Galaxy A23 5G (8GB RAM + 128GB),20999,8,5000,50,6.6,333.3571429,8899,328,321
Nothing Phone 2a,23999,8,5000,50,6.7,334.6428571,8881,312.5,322
Realme 12 Pro 5G (8GB RAM + 256GB),24185,8,5000,50,6.7,336.3571429,8857,312.5,323
Samsung Galaxy A15 5G,19499,8,5000,50,6.5,336.7142857,8852,342,324
Realme 7,13919,6,5000,64,6.5,338.2142857,8831,347,325
OnePlus 12R,38300,8,5500,50,6.78,338.5,8827,309,326
Realme 8 5G (8GB RAM + 128GB),17150,8,5000,48,6.5,338.5714286,8826,343,327
Poco M3,9990,6,6000,48,6.53,338.7142857,8824,342,328
Samsung Galaxy M13,11989,6,6000,50,6.6,339,8820,329,329
Motorola Razr 40,43490,8,4200,64,6.9,339.2142857,8817,336.5,330
Vivo V21 5G,23599,8,4000,64,6.44,341.2857143,8788,337.5,331
Samsung Galaxy Z Fold 5 (12GB RAM + 512GB),164999,12,4400,50,7.6,342.1428571,8776,181,332
Realme GT Neo 3 5G (8GB RAM + 256GB),25130,8,5000,50,6.7,342.6428571,8769,320.5,333
Realme GT Neo 3 5G,25150,8,5000,50,6.7,343.6428571,8755,321.5,334
OnePlus Nord 3 5G,26485,8,5000,50,6.74,344.2857143,8746,322.5,335
Poco X4 Pro 5G (6GB RAM + 128GB),16990,6,5000,64,6.67,346.7142857,8712,337,336
Vivo V21 5G (8GB RAM + 256GB),24490,8,4000,64,6.44,346.8571429,8710,343.5,337
POCO X5 5G (8GB RAM + 256GB),20999,8,5000,48,6.67,346.8571429,8710,336,337
Xiaomi Redmi Note 10 Pro (6GB RAM + 128GB),17490,6,5020,64,6.67,349.5,8673,342.5,339
Xiaomi Redmi Note 12 Pro (8GB RAM + 128GB),24999,8,5000,50,6.67,350.1428571,8664,329.5,340
Nothing Phone 2a (8GB RAM + 256GB),25999,8,5000,50,6.7,350.4285714,8660,327,341
Realme 8 (6GB RAM + 128GB),13990,6,5000,64,6.4,352,8638,362,342
Samsung Galaxy Z Fold 5 (12GB RAM + 1TB),184999,12,4400,50,7.6,353.0714286,8623,183.5,343
Motorola Edge 40 Neo,22999,8,5000,50,6.55,354.6428571,8601,341.5,344
Poco C65 (6GB RAM + 128GB),8295,6,5000,50,6.74,356.4285714,8576,381,345
Vivo Y75 5G,23999,8,5000,50,6.58,358.7142857,8544,336.5,346
iQOO Neo 7 Pro,30999,8,5000,50,6.78,359.3571429,8535,340,347
Xiaomi Redmi Note 10S,14999,6,5000,64,6.43,359.5714286,8532,367.5,348
OPPO Reno 11,27899,8,5000,50,6.7,360.0714286,8525,335.5,349
Tecno Phantom X,21999,8,4700,50,6.7,360.7857143,8515,348,350
Samsung Galaxy A15 5G (8GB RAM + 256GB),22499,8,5000,50,6.5,360.8571429,8514,351,351
Vivo V20 Pro,27000,8,4000,64,6.44,362.8571429,8486,348.5,352
Xiaomi Redmi 13C (6GB RAM + 128GB),8798,6,5000,50,6.74,363.9285714,8471,384,353
OnePlus Nord CE 2 Lite 5G,18198,6,5000,64,6.59,368.6428571,8405,366,354
Realme GT 2 5G,26649,8,5000,50,6.62,368.9285714,8401,347,355
Xiaomi Redmi 12C (6GB RAM + 128GB),8799,6,5000,50,6.71,369,8400,389,356
Tecno Camon 19 Neo,8499,6,5000,48,6.8,371.8571429,8360,388,357
iQOO Neo 9 Pro 5G,37999,8,5160,50,6.78,373,8344,345,358
Vivo V30 5G,33999,8,5000,50,6.78,373.2142857,8341,352,359
Xiaomi Mi 10T 5G,19999,6,5000,64,6.67,373.6428571,8335,378,360
Realme Narzo 50 Pro 5G (8GB RAM + 128GB),19999,8,5000,48,6.4,373.8571429,8332,373.5,361
Xiaomi Redmi Note 10S (6GB RAM + 128GB),16499,6,5000,64,6.43,373.9285714,8331,375,362
Lava Blaze Pro (6GB RAM + 128GB),7595,6,5000,50,6.5,374.4285714,8324,420,363
Realme 9 Pro 5G,18990,6,5000,64,6.6,375,8316,383,364
Xiaomi Redmi Note 12 4G,8799,6,5000,50,6.67,375.2857143,8312,402,365
Samsung Galaxy F42 5G,18999,6,5000,64,6.6,375.9285714,8303,384.5,366
Infinix Zero 5G,19999,8,4500,48,6.78,376.2857143,8298,367,367
Nokia C32 (6GB RAM + 128 GB),7899,6,5000,50,6.52,377.5714286,8280,420.5,368
OnePlus 10R 5G,31499,8,5000,50,6.7,378.2142857,8271,354,369
Realme 8s 5G,17999,6,5000,64,6.5,379.4285714,8254,375.5,370
Realme Narzo N53 (6GB RAM + 128GB),9700,6,5000,50,6.74,380.4285714,8240,401.5,371
OPPO Reno 11 (8GB RAM + 256GB),31999,8,5000,50,6.7,380.8571429,8234,356,372
Samsung Galaxy M52 5G,21390,6,5000,64,6.7,381.0714286,8231,385,373
Samsung Galaxy A34 5G (8GB RAM + 128GB),24499,8,5000,48,6.6,381.5,8225,358.5,374
Realme Narzo 20 Pro (8GB RAM +128GB),16989,8,4500,48,6.5,382.0714286,8217,391.5,375
Xiaomi Redmi 9 Power (6GB RAM + 128GB),12890,6,6000,48,6.53,382.4285714,8212,372,376
Realme GT 2 Pro 5G,32500,8,5000,50,6.7,384.5714286,8182,358,377
Xiaomi Redmi 12 4G (6GB RAM + 128GB),10498,6,5000,50,6.79,385.2142857,8173,405.5,378
Poco M5 (6GB RAM + 128GB),8760,6,5000,50,6.58,385.2857143,8172,418,379
Samsung Galaxy A25 5G,26999,8,5000,50,6.5,388.0714286,8133,367.5,380
Samsung Galaxy A33 5G (8GB RAM + 128GB),21990,8,5000,48,6.4,390,8106,379,381
Xiaomi Redmi 11 Prime (6GB RAM + 128GB),8999,6,5000,50,6.58,390,8106,421,381
Xiaomi Redmi 10 Prime (6GB RAM + 128GB),14999,6,6000,50,6.5,390.1428571,8104,374.5,383
Samsung Galaxy F15 5G (6GB RAM +  128GB),14499,6,6000,50,6.45,391.6428571,8083,375,384
Samsung Galaxy A34 5G (8GB RAM + 256GB),26499,8,5000,48,6.6,393.0714286,8063,374,385
Poco M6 5G (6GB RAM + 128GB),10499,6,5000,50,6.74,393.1428571,8062,414.5,386
Samsung Galaxy A35 5G,30999,8,5000,50,6.6,393.6428571,8055,368.5,387
Tecno Phantom V Flip,54999,8,4000,64,6.9,394,8050,378,388
OnePlus 11R 5G,36779,8,5000,50,6.74,394.3571429,8045,370.5,389
Motorola Edge 30 Pro 5G,29999,8,4800,50,6.7,395.7142857,8026,373,390
OPPO K10 5G,25999,8,5000,48,6.56,396.0714286,8021,375.5,391
Samsung Galaxy M34 5G,15597,6,6000,50,6.5,398.0714286,7993,384,392
Samsung Galaxy S21 Plus 5G (8GB RAM + 256GB),85999,8,4800,64,6.7,398.7857143,7983,345,393
Poco M6 Pro 5G (6GB RAM + 128GB),11498,6,5000,50,6.79,399.1428571,7978,416,394
Samsung Galaxy M33 5G,16998,6,6000,50,6.6,399.2857143,7976,389,395
Samsung Galaxy F34 5G,15970,6,6000,50,6.5,401.7142857,7942,388.5,396
Xiaomi Mi 11 Lite,13960,6,4250,64,6.55,402.0714286,7937,416.5,397
Vivo V30 Pro 5G,41999,8,5000,50,6.78,403.3571429,7919,382,398
Samsung Galaxy A05 (6GB RAM + 128GB),10999,6,5000,50,6.7,403.7142857,7914,422,399
Samsung Galaxy A25 5G (8GB RAM + 256GB),29999,8,5000,50,6.5,403.7857143,7913,379,400
Vivo V29,30599,8,4600,50,6.78,408.1428571,7852,384.5,401
Xiaomi Redmi K50i 5G,24999,6,5080,64,6.6,410.8571429,7814,401,402
Vivo V27,30990,8,4600,50,6.78,411.2142857,7809,387,403
itel P55 5G (6GB RAM + 128GB),10499,6,5000,50,6.6,413.2857143,7780,434,404
iQOO Z7s 5G,15190,6,4500,64,6.38,413.7857143,7773,430,405
Google Pixel 7A,37999,8,4385,64,6.1,414.1428571,7768,388,406
Lava Blaze 5G (6GB RAM + 128GB),9799,6,5000,50,6.5,415.3571429,7751,445.5,407
Realme 6 (6GB RAM + 64GB),14999,6,4300,64,6.5,416.0714286,7741,433.5,408
Infinix Note 12 5G,11899,6,5000,50,6.7,417.4285714,7722,428,409
Realme 9 Pro Plus 5G (8GB RAM + 128GB),21990,8,4500,50,6.4,418.2857143,7710,409.5,410
OnePlus 10 Pro 5G,42000,8,5000,50,6.7,418.7142857,7704,401,411
Vivo Y27 4G,11399,6,5000,50,6.64,419.4285714,7694,435,412
Nokia G21 (6GB RAM + 128GB),10349,6,5050,50,6.5,419.6428571,7691,446,413
Poco M4 5G (6GB RAM + 128GB),10799,6,5000,50,6.58,419.6428571,7691,440,413
Xiaomi Redmi 13C 5G (6GB RAM + 128GB),12499,6,5000,50,6.74,420,7686,432,415
Samsung Galaxy M14 4G (6GB RAM + 128GB),11999,6,5000,50,6.7,420.1428571,7684,430,416
iQOO 11 5G,46990,8,5000,50,6.78,420.4285714,7680,412.5,417
Xiaomi Redmi 12 5G (6GB RAM + 128GB),12999,6,5000,50,6.79,420.9285714,7673,433,418
Vivo Y75 4G,17490,8,4050,50,6.44,421.1428571,7670,422,419
Realme GT Neo 3T,25999,6,5000,64,6.62,421.7857143,7661,407,420
OnePlus 10T,36890,8,4800,50,6.7,422.8571429,7646,400.5,421
Vivo T2 5G,15899,6,4500,64,6.38,422.9285714,7645,438,422
Samsung Galaxy A32,21999,6,5000,64,6.4,423.7857143,7633,429.5,423
Vivo V27 Pro,34480,8,4600,50,6.78,423.8571429,7632,403,424
Realme Narzo 60X (6GB RAM + 128GB),12499,6,5000,50,6.72,424.0714286,7629,435.5,425
Realme 9 Pro Plus 5G (8GB RAM + 256GB),22990,8,4500,50,6.4,424.9285714,7617,411.5,426
Realme C67 5G (6GB RAM + 128GB),12590,6,5000,50,6.72,426.3571429,7597,439,427
Samsung Galaxy A55 5G,39999,8,5000,50,6.6,426.5714286,7594,405,428
Samsung Galaxy S20,34999,8,4000,64,6.2,428.1428571,7572,413.5,429
Samsung Galaxy A54 5G,33499,8,5000,50,6.4,428.5,7567,403.5,430
Motorola Moto G40 Fusion,15750,4,6000,64,6.78,429.3571429,7555,447.5,431
OPPO F19 Pro (8GB RAM + 256GB),18999,8,4310,48,6.43,430,7546,432,432
POCO M2 Pro (6GB RAM + 64GB),10990,6,5000,48,6.67,431.5,7525,458,433
OPPO A58 4G,12999,6,5000,50,6.72,432.2857143,7514,443,434
Vivo V27 Pro (8GB RAM + 256GB),36990,8,4600,50,6.78,432.9285714,7505,414.5,435
OnePlus 9RT 5G,29990,8,4500,50,6.62,433.2142857,7501,418,436
Lava Blaze 2 5G (6GB RAM + 128GB),10973,6,5000,50,6.5,434.7142857,7480,459,437
Realme 6 Pro,17999,6,4300,64,6.6,435.1428571,7474,444,438
Samsung Galaxy A05s,12999,6,5000,50,6.7,435.7857143,7465,447,439
Samsung Galaxy A54 5G (8GB RAM + 256GB),35499,8,5000,50,6.4,436.2857143,7458,412,440
Samsung Galaxy A53 5G,25999,6,5000,64,6.5,437.4285714,7442,429,441
iQOO Z6 Lite (6GB RAM + 128GB),11999,6,5000,50,6.58,439.0714286,7419,454,442
Motorola Edge 40 5G,26999,8,4400,50,6.55,439.2142857,7417,414.5,443
Samsung Galaxy Note 20,86000,8,4300,64,6.7,439.6428571,7411,392.5,444
Xiaomi Redmi Note 12 4G (6GB RAM + 128GB),12999,6,5000,50,6.67,440.2857143,7402,450,445
Vivo V29 Pro,38990,8,4600,50,6.78,440.8571429,7394,421.5,446
Realme C55,8999,4,5000,64,6.72,441.5,7385,472.5,447
Realme C35 (6GB RAM + 128GB),12490,6,5000,50,6.6,442.7142857,7368,456,448
OnePlus 9,29990,8,4500,50,6.55,442.7857143,7367,429.5,449
OnePlus 11 5G,49999,8,5000,50,6.7,445.1428571,7334,446.5,450
OPPO Reno8 5G,26990,8,4500,50,6.43,445.2857143,7332,419.5,451
Nothing Phone 2,39999,8,4700,50,6.7,445.7857143,7325,426.5,452
Vivo X90 5G,47490,8,4810,50,6.78,446.5714286,7314,447,453
Nokia G42 5G,12499,6,5000,50,6.56,450.6428571,7257,463,454
Realme 8i (6GB RAM + 128GB),12989,6,5000,50,6.6,450.7857143,7255,462,455
Nothing Phone 1,31999,8,4500,50,6.55,451.7142857,7242,442,456
Xiaomi Redmi Note 12 (6GB RAM + 128GB),12239,6,5000,48,6.67,451.7142857,7242,470,456
Vivo T1x (6GB RAM + 128GB),12998,6,5000,50,6.58,454,7210,464,458
Vivo T2x 5G (6GB RAM + 128GB),12999,6,5000,50,6.58,454.8571429,7198,465,459
OnePlus Nord 2T 5G,28990,8,4500,50,6.43,456,7182,440,460
Xiaomi Redmi Note 11 (6GB RAM + 128GB),11565,6,5000,50,6.43,456.2857143,7178,480,461
Nothing Phone 1 (8GB RAM + 256GB),32999,8,4500,50,6.55,457.2857143,7164,448.5,462
Motorola Edge 30 5G (8GB RAM + 128GB),22980,8,4020,50,6.5,461.5714286,7104,436,463
Xiaomi Redmi Note 11 (6GB RAM + 64GB),11999,6,5000,50,6.43,463,7084,482,464
Samsung Galaxy A23,13999,6,5000,50,6.6,463.0714286,7083,473,465
Vivo T1 Pro,23999,6,4700,64,6.44,463.7142857,7074,461.5,466
Xiaomi Redmi 11 Prime 5G (6GB RAM + 128GB),13799,6,5000,50,6.58,463.8571429,7072,473,467
OnePlus Nord CE 2 5G,20998,6,4500,64,6.43,465.6428571,7047,474,468
OnePlus 9R 5G,29990,8,4500,48,6.55,465.9285714,7043,452,469
Vivo V23e 5G,22999,8,4050,50,6.44,467,7028,444,470
Samsung Galaxy M13 5G,12990,6,5000,50,6.5,467.5,7021,478.5,471
Realme Narzo N55,10499,4,5000,64,6.72,467.9285714,7015,493,472
Infinix Hot 20 (6GB RAM+ 128GB),14499,6,5000,50,6.6,468,7014,477.5,473
OPPO F17 Pro,19990,8,4015,48,6.43,469.6428571,6991,457,474
Infinix Smart 8 Plus,7799,4,6000,50,6.6,470.4285714,6980,498.5,475
Vivo V19,27980,8,4500,48,6.44,471.7857143,6961,453.5,476
OnePlus Nord CE 5G,21990,6,4500,64,6.43,472.9285714,6945,476,477
Realme Narzo 50 (6GB RAM + 128GB),14999,6,5000,50,6.6,474,6930,481,478
Motorola Moto G24 Power,7999,4,6000,50,6.6,475.2857143,6912,506.5,479
Motorola Edge 30 Fusion 5G,34999,8,4400,50,6.55,475.4285714,6910,474,480
Poco F4 5G,27999,6,4500,64,6.67,477,6888,470.5,481
POCO X5 5G,14190,6,5000,48,6.67,477.7142857,6878,488,482
Samsung Galaxy A21s (6GB RAM + 64GB),12489,6,5000,48,6.5,478.7142857,6864,501,483
Samsung Galaxy Z Fold 3,89999,12,4400,12,7.6,479.4285714,6854,553,484
itel P55T,7999,4,6000,50,6.56,480.0714286,6845,512.5,485
Poco M4 Pro 5G (6GB RAM + 128GB),15449,6,5000,50,6.6,480.1428571,6844,484.5,486
Samsung Galaxy A14 5G (6GB RAM + 128GB),15490,6,5000,50,6.6,481.2857143,6828,485.5,487
Tecno Pova Neo 5G,9499,4,6000,50,6.8,481.5714286,6824,492,488
Xiaomi Redmi 10,8890,4,6000,50,6.7,483,6804,504,489
Vivo Y22 (6GB RAM + 128GB),14999,6,5000,50,6.55,483.4285714,6798,487,490
Samsung Galaxy Z Fold 3 5G (12GB RAM + 512GB),94999,12,4400,12,7.6,485.2142857,6773,563,491
Realme Narzo 30 (6GB RAM + 128GB),12999,6,5000,48,6.5,486.9285714,6749,507.5,492
Xiaomi 12 Pro 5G,55999,8,4600,50,6.73,487.0714286,6747,510,493
Realme 9i 5G (6GB RAM + 128GB),15990,6,5000,50,6.6,487.4285714,6742,492.5,494
Poco C55,5998,4,5000,50,6.71,487.5,6741,533,495
iQOO 9 5G,31990,8,4350,48,6.56,487.9285714,6735,484,496
Xiaomi Mi 11 Lite NE 5G,22999,6,4250,64,6.55,488,6734,485.5,497
Samsung Galaxy A13 (6GB RAM + 128GB),15999,6,5000,50,6.6,488.4285714,6728,494,498
Vivo X80 5G,54999,8,4500,50,6.78,488.5714286,6726,511.5,499
Vivo Y28 5G (6GB RAM + 128GB),15499,6,5000,50,6.56,489.1428571,6718,494,500
OPPO F19 Pro Plus 5G,27890,8,4310,48,6.43,489.7857143,6709,474,501
Samsung Galaxy A52,26499,6,4500,64,6.5,489.9285714,6707,481.5,502
Poco X3 Pro,17290,6,5160,48,6.67,491.8571429,6680,488,503
Motorola Moto G62 5G,15779,6,5000,50,6.55,493.4285714,6658,497,504
Xiaomi Redmi Note 11T 5G,16999,6,5000,50,6.6,496.3571429,6617,497,505
Realme 7i,10999,4,5000,64,6.5,498.6428571,6585,531,506
POCO M3 Pro 5G (6GB RAM + 128GB),13990,6,5000,48,6.5,498.9285714,6581,513,507
Xiaomi Redmi 12C (4GB RAM + 128GB),6479,4,5000,50,6.71,500.5,6559,542.5,508
Xiaomi Redmi Note 11T 5G (6GB RAM + 128GB),17489,6,5000,50,6.6,500.8571429,6554,501.5,509
Samsung Galaxy F14 5G,9490,4,6000,50,6.6,502.3571429,6533,520,510
Xiaomi Redmi 12C,6583,4,5000,50,6.71,503.9285714,6511,544,511
Samsung Galaxy S21,69999,8,4000,64,6.2,503.9285714,6511,466.5,511
Samsung Galaxy S22 Plus 5G,54898,8,4500,50,6.6,504.2142857,6507,530.5,513
Samsung Galaxy S23 FE 5G,41569,8,4500,50,6.4,504.3571429,6505,515.5,514
Xiaomi Redmi Note 9 (6GB RAM + 128GB),14990,6,5020,48,6.53,505,6496,515,515
Vivo X50 (8GB RAM + 256GB),32990,8,4200,48,6.56,505.4285714,6490,510,516
POCO M3 (4GB RAM + 64GB),8392,4,6000,48,6.53,506.7142857,6472,537,517
Samsung Galaxy F23 5G (6GB RAM + 128GB),17999,6,5000,50,6.6,506.7142857,6472,507.5,517
Tecno Spark 9T,6299,4,5000,50,6.6,507.2857143,6464,552.5,519
Samsung Galaxy M13 (4GB RAM + 64GB),9820,4,6000,50,6.6,507.7857143,6457,521,520
Realme GT Master Edition 5G (6GB RAM + 128GB),24699,6,4300,64,6.43,508.2142857,6451,505,521
Samsung Galaxy S21 5G (8GB RAM + 256GB),73999,8,4000,64,6.2,509.2857143,6436,471,522
Samsung Galaxy M14,9990,4,6000,50,6.6,511.0714286,6411,522,523
Oppo Reno 2Z,28999,8,4000,48,6.53,511.2142857,6409,499,524
Samsung Galaxy S23 FE 5G (8GB RAM + 256GB),44800,8,4500,50,6.4,512.0714286,6397,529,525
Samsung Galaxy F13,9999,4,6000,50,6.6,512.1428571,6396,523,526
Vivo Y200e 5G,19999,6,5000,50,6.67,512.6428571,6389,500,527
Vivo Y31 (6GB RAM + 128GB),16490,6,5000,48,6.58,514.7142857,6360,522,528
Samsung Galaxy A23 5G,18999,6,5000,50,6.6,515.7857143,6345,514.5,529
Motorola Moto G10 Power,8799,4,6000,48,6.51,516.1428571,6340,540,530
Xiaomi Redmi Note 12 Pro 5G,20399,6,5000,50,6.67,516.4285714,6336,503,531
Samsung Galaxy A15 5G (6GB RAM + 128GB),17819,6,5000,50,6.5,517.1428571,6326,517,532
OPPO K10,18999,6,5000,50,6.59,517.3571429,6323,516,533
Realme Narzo 50A,9799,4,6000,50,6.5,519.5,6293,536,534
Samsung Galaxy F13 (4GB RAM + 128GB),10500,4,6000,50,6.6,519.6428571,6291,534,535
OPPO Find N2 Flip,69990,8,4300,50,6.8,519.7142857,6290,549.5,536
Realme 8,11999,4,5000,64,6.4,519.7857143,6289,548.5,537
Realme Narzo N53,7499,4,5000,50,6.74,521.3571429,6267,553,538
Infinix Hot 30 5G,11899,4,6000,50,6.78,521.7142857,6262,538,539
itel S23 (4GB RAM +128 GB),6839,4,5000,50,6.6,521.9285714,6259,560.5,540
Poco M5,6867,4,5000,50,6.58,526.4285714,6196,564.5,541
Vivo T1 44W (6GB RAM + 128GB),18049,6,5000,50,6.44,526.6428571,6193,527,542
Infinix Smart 8,6980,4,5000,50,6.6,526.6428571,6193,564,542
Xiaomi Redmi 13C 4G,7799,4,5000,50,6.74,527.2857143,6184,557.5,544
Samsung Galaxy M32 5G,16890,6,5000,48,6.5,527.2857143,6184,533,544
Xiaomi Redmi Note 10 (6GB RAM + 128GB),15998,6,5000,48,6.43,527.6428571,6179,538,546
Motorola Moto G71 5G,17590,6,5000,50,6.4,528.0714286,6173,531.5,547
Tecno Spark 10C,7799,8,5000,16,6.6,528.4285714,6168,539,548
Realme 9 5G (6GB RAM + 128GB),16999,6,5000,48,6.5,529.1428571,6158,534,549
Google Pixel 7 5G,43999,8,4355,50,6.3,530.4285714,6140,548.5,550
Realme C51,7990,4,5000,50,6.74,531.8571429,6120,561,551
Infinix Note 12i (2022),7788,4,5000,50,6.7,532.5,6111,563,552
iQOO 7 Legend,39990,8,4000,48,6.62,533.6428571,6095,549,553
Lava Blaze Pro,6789,4,5000,50,6.5,535.4285714,6070,576,554
Motorola Moto G04 (8 GB RAM + 128GB),7999,8,5000,16,6.56,535.5,6069,542,555
Micromax IN Note 1,6999,4,5000,48,6.67,537.0714286,6047,577,556
Nokia C32,6999,4,5000,50,6.52,537.2857143,6044,575.5,557
Motorola Moto G 5G,20999,6,5000,48,6.67,537.2857143,6044,519,557
OPPO A74 5G,17990,6,5000,48,6.5,537.4285714,6042,536,559
itel P55 4G,7449,4,5000,50,6.6,538,6034,571,560
Infinix Hot 30i (4GB RAM+ 64GB),7499,4,5000,50,6.6,540,6006,573,561
Realme Narzo 20,10499,4,6000,48,6.5,541.7857143,5981,559.5,562
Realme C51 (4GB RAM + 128 GB),8657,4,5000,50,6.74,542.2142857,5975,571,563
Samsung Galaxy S22 Plus 5G (8GB RAM + 256GB),88999,8,4500,50,6.6,544.1428571,5948,561,564
Nokia C32 (4GB RAM + 128 GB),7279,4,5000,50,6.52,544.5714286,5942,580.5,565
OPPO F19s,17990,6,5000,48,6.43,545.4285714,5930,545,566
Motorola Moto E32,7280,4,5000,50,6.5,547.5,5901,583.5,567
Samsung Galaxy A05,8699,4,5000,50,6.7,547.7142857,5898,574,568
Motorola Moto E40,6499,4,5000,48,6.5,547.8571429,5896,594.5,569
Samsung Galaxy M12,10999,4,6000,48,6.5,548.6428571,5885,566,570
Micromax IN Note 1 (4GB RAM + 128GB),7490,4,5000,48,6.67,548.8571429,5882,584,571
Xiaomi Redmi 12 4G,9499,4,5000,50,6.79,550.8571429,5854,578,572
Xiaomi Redmi 10 Prime,12490,4,6000,50,6.5,552,5838,566,573
Samsung Galaxy M14 4G,8999,4,5000,50,6.7,553.5714286,5816,578.5,574
Realme 9 5G SE,22999,6,5000,48,6.6,554.9285714,5797,536.5,575
Poco M6 5G,9499,4,5000,50,6.74,557.4285714,5762,581.5,576
Motorola Moto E13 (8GB RAM + 128GB),7499,8,5000,13,6.5,558.7142857,5744,558,577
Infinix Hot 11S,9890,4,5000,50,6.78,558.9285714,5741,583,578
Motorola Moto G22,7989,4,5000,50,6.53,559.2142857,5737,595,579
Google Pixel 8 5G,75999,8,4575,50,6.2,559.3571429,5735,580,580
Samsung Galaxy A34 5G,23990,6,5000,48,6.6,559.8571429,5728,544,581
Samsung Galaxy A33 5G,20385,6,5000,48,6.4,561.8571429,5700,553.5,582
Samsung Galaxy F15 5G,12999,4,6000,50,6.45,562.7857143,5687,573,583
Realme C35,8790,4,5000,50,6.6,563,5684,586,584
iKall S2,9299,6,6000,21,6.8,563.5,5677,572,585
Poco M6 Pro 5G (4GB RAM + 128GB),10299,4,5000,50,6.79,563.6428571,5675,587,586
OPPO F19,20990,6,5000,48,6.4,565.2142857,5653,554.5,587
Google Pixel 8 (8GB RAM + 256 GB),82999,8,4575,50,6.2,565.3571429,5651,582.5,588
Realme 9i (4GB RAM + 128GB),8999,4,5000,50,6.6,566.7857143,5631,587,589
Samsung Galaxy A14 4G,9099,4,5000,50,6.6,569.0714286,5599,588,590
Realme Narzo 50 Pro 5G,21850,6,5000,48,6.4,569.2857143,5596,556,591
Xiaomi Redmi 11 Prime,8990,4,5000,50,6.58,569.7857143,5589,590,592
Poco M6 Pro 5G,10699,4,5000,50,6.79,570,5586,592.5,593
Nokia 5.4 (6GB RAM + 64GB),12999,6,4000,48,6.39,570.3571429,5581,591,594
iKall S3,9799,6,6000,21,6.8,570.8571429,5574,574.5,595
Motorola Moto G14,8499,4,5000,50,6.5,571.9285714,5559,605,596
Infinix Note 12,10490,4,5000,50,6.7,576.3571429,5497,595.5,597
Xiaomi Redmi 13C 5G,10998,4,5000,50,6.74,577.6428571,5479,598.5,598
itel P55 5G,9646,4,5000,50,6.6,577.7857143,5477,594,599
Apple iPhone 15 Pro Max,148900,8,4422,48,6.7,581.5714286,5424,596,600
Realme C67 5G,11120,4,5000,50,6.72,582.0714286,5417,602,601
Realme Narzo 50,9999,4,5000,50,6.6,582.3571429,5413,598.5,602
Lava Blaze 5G,8999,4,5000,50,6.5,582.4285714,5412,611,603
Poco M4 5G,9799,4,5000,50,6.58,582.5714286,5410,598,604
Xiaomi Mi 11X,22999,6,4520,48,6.67,582.7142857,5408,568.5,605
Xiaomi Redmi 12 5G,11999,4,5000,50,6.79,586.2857143,5358,602.5,606
Realme Narzo 60X,11499,4,5000,50,6.72,587.6428571,5339,605.5,607
Nokia G42 5G (4GB RAM + 128GB),9999,4,5000,50,6.56,588.5714286,5326,603,608
POCO M2 Pro,9990,4,5000,48,6.67,590.8571429,5294,614.5,609
Samsung Galaxy S22 5G,37900,8,3700,50,6.1,591,5292,603.5,610
Samsung Galaxy A05s (4GB RAM + 128GB),11499,4,5000,50,6.7,591,5292,608.5,610
Realme 9 Pro Plus 5G,22900,6,4500,50,6.4,591.7857143,5281,578,612
Apple iPhone 15 Pro Max (512GB),171990,8,4422,48,6.7,594.3571429,5245,601.5,613
Motorola Moto G52,10999,4,5000,50,6.6,594.8571429,5238,610,614
Vivo Y17s,10499,4,5000,50,6.56,595.8571429,5224,609,615
Samsung Galaxy S23 (8GB RAM + 256GB),58500,8,3900,50,6.1,597.3571429,5203,625,616
Xiaomi Redmi 11 Prime 5G,10960,4,5000,50,6.58,598.5,5187,611,617
Lava Blaze 2 5G,9999,4,5000,50,6.5,598.7857143,5183,623,618
Realme Narzo 50A Prime (4GB RAM + 128GB),11270,4,5000,50,6.6,600.2857143,5162,616.5,619
Samsung Galaxy S24 (8GB RAM + 512GB),89999,8,4000,50,6.2,602.0714286,5137,632.5,620
Realme 9i,11410,4,5000,50,6.6,602.7142857,5128,618,621
Samsung Galaxy S23 5G,64999,8,3900,50,6.1,602.9285714,5125,635,622
OPPO A38,10999,4,5000,50,6.56,603.4285714,5118,616,623
Motorola Moto G32,10950,4,5000,50,6.55,605.2142857,5093,618,624
Samsung Galaxy A04s,10499,4,5000,50,6.5,607.3571429,5063,628,625
Samsung Galaxy M13 5G (4GB RAM + 64GB),10595,4,5000,50,6.5,608.9285714,5041,630,626
Xiaomi Redmi Note 12 5G,11159,4,5000,48,6.67,610.2142857,5023,628.5,627
Motorola Moto G51 5G,13999,4,5000,50,6.8,611.2142857,5009,610,628
Vivo Y22 (4GB RAM + 128GB),11295,4,5000,50,6.55,611.2857143,5008,621,629
Realme 9i 5G,11990,4,5000,50,6.6,611.3571429,5007,626,630
Samsung Galaxy A13,11999,4,5000,50,6.6,612.2857143,4994,627,631
Vivo Y17s (4GB RAM + 128 GB),11499,4,5000,50,6.56,612.9285714,4985,622.5,632
Motorola Moto G34 5G,10999,4,5000,50,6.5,615.5714286,4948,632,633
Vivo T2x 5G,11999,4,5000,50,6.58,617,4928,629,634
Samsung Galaxy A14 5G,12370,4,5000,50,6.6,618,4914,630,635
Motorola Moto G31,10990,4,5000,50,6.47,619.7857143,4889,636,636
Poco M4 Pro 5G,12450,4,5000,50,6.6,619.8571429,4888,631,637
OPPO A77 (4GB RAM + 128 GB),11990,4,5000,50,6.56,621.2142857,4869,631.5,638
OnePlus Nord N20 SE,11999,4,5000,50,6.56,622.2142857,4855,632.5,639
Motorola Edge 30 5G,23990,6,4020,50,6.5,622.7142857,4848,613.5,640
Xiaomi Redmi Note 11,10899,4,5000,50,6.43,623.9285714,4831,642,641
Vivo Y22,11990,4,5000,50,6.55,624.9285714,4817,635,642
Samsung Galaxy A13 (4GB RAM + 128GB),12990,4,5000,50,6.6,626.2857143,4798,635.5,643
Samsung Galaxy A04s (4GB RAM + 128GB),11691,4,5000,50,6.5,627.1428571,4786,638,644
Xiaomi Redmi Note 10 Lite,12490,4,5020,48,6.67,628,4774,638,645
Infinix Hot 20,13208,4,5000,50,6.6,630.0714286,4745,637.5,646
iQOO Z6 Lite 5G,12995,4,5000,50,6.58,631.5714286,4724,637.5,647
Realme 10,11299,4,5000,50,6.4,633.1428571,4702,646,648
OnePlus Nord N20 SE (4GB RAM + 128GB),12938,4,5000,50,6.56,634.2142857,4687,639.5,649
OPPO A55 4G,12899,4,5000,50,6.51,639.7142857,4610,646.5,650
Samsung Galaxy A14 5G (4GB RAM + 128GB),14499,4,5000,50,6.6,641.4285714,4586,643.5,651
Apple iPhone 15 Plus,76499,6,4383,48,6.7,643.0714286,4563,672,652
Vivo Y28 5G,13999,4,5000,50,6.56,643.2142857,4561,645,653
Samsung Galaxy A12,11990,4,5000,48,6.5,644.2857143,4546,652,654
Samsung Galaxy A14 4G (4GB RAM + 128 GB),14999,4,5000,50,6.6,644.8571429,4538,645.5,655
Realme Narzo 30,11999,4,5000,48,6.5,645.2142857,4533,653,656
Realme C33,8499,3,5000,50,6.5,646.5,4515,667.5,657
Itel P40 Plus,7199,4,7000,13,6.8,647.2857143,4504,670,658
Vivo Y56 5G (4GB RAM + 128GB),15050,4,5000,50,6.58,648.3571429,4489,648.5,659
Nokia 5.4,8390,4,4000,48,6.39,649,4480,679,660
POCO M3 Pro 5G,12499,4,5000,48,6.5,650.5,4459,655.5,661
Apple iPhone 15 Plus (256GB),92990,6,4383,48,6.7,651.0714286,4451,674,662
Vivo Y21T,15200,4,5000,50,6.51,654.5714286,4402,654,663
Xiaomi Redmi Note 9 Pro (4GB RAM + 128GB),15999,4,5020,48,6.67,654.5714286,4402,653,663
Realme 8 5G (4GB RAM + 64GB),12990,4,5000,48,6.5,655.4285714,4390,658,665
OPPO A55 4G (4GB RAM + 128GB),15799,4,5000,50,6.51,657.9285714,4355,657,666
Samsung Galaxy F23 5G,17499,4,5000,50,6.6,657.9285714,4355,657,666
Apple iPhone 15 Plus (512GB),112999,6,4383,48,6.7,658.6428571,4345,677,668
Vivo T1 44W,14499,4,5000,50,6.44,658.7857143,4343,657,669
Xiaomi Redmi Note 9 (4GB RAM + 128GB),14190,4,5020,48,6.53,659.6428571,4331,660,670
Xiaomi Redmi Note 10,12764,4,5000,48,6.43,660.2857143,4322,661,671
Poco C51 (6GB RAM + 128 GB),5999,6,5000,8,6.52,661.7857143,4301,688,672
iKall Z19 Pro Ultra,7499,6,5000,13,6.5,661.8571429,4300,679.5,673
Realme Narzo 50 5G (4GB RAM + 128GB),15996,4,5000,48,6.6,662.3571429,4293,665.5,674
Apple iPhone 15 Pro,127990,8,3274,48,6.1,663.1428571,4282,678.5,675
Realme 9 5G,13999,4,5000,48,6.5,663.5,4277,663.5,676
Xiaomi Redmi Note 10T 5G,14499,4,5000,48,6.5,666.5714286,4234,666,677
Apple iPhone 15 Pro (256GB),137990,8,3274,48,6.1,666.7857143,4231,680.5,678
Lava Blaze 2 4G,7970,6,5000,13,6.5,668.1428571,4212,682.5,679
Samsung Galaxy A03,9999,3,5000,48,6.5,669.2857143,4196,673.5,680
Itel P40 (4GB RAM + 128GB),6299,4,6000,13,6.6,671.7142857,4162,690.5,681
Apple iPhone 15 Pro (1TB),156695,8,3274,48,6.1,672,4158,682.5,682
Apple iPhone 15 Pro (512GB),156900,8,3274,48,6.1,672.8571429,4146,683.5,683
Realme 8 5G,16999,4,5000,48,6.5,674.3571429,4125,671.5,684
Xiaomi Redmi 10A (6GB RAM + 128GB),8890,6,5000,13,6.53,676.5714286,4094,683,685
Samsung Galaxy S20 FE 5G,26674,8,4500,12,6.5,680.3571429,4041,663,686
Xiaomi Redmi 9 Activ (6GB RAM + 128GB),9549,6,5000,13,6.53,682.2857143,4014,685,687
Infinix Smart 7,6999,4,6000,13,6.6,682.7142857,4008,694,688
Xiaomi Mi A3,11499,4,4030,48,6.08,686.1428571,3960,690,689
Infinix Smart 7 (4GB RAM + 128 GB),7299,4,6000,13,6.6,686.6428571,3953,696.5,690
Benco V90,7199,4,5000,16,6.82,687.9285714,3935,701,691
Tecno Spark 9 (4GB RAM + 64GB),5999,4,5000,13,6.6,688.2857143,3930,709.5,692
Itel P40,7399,4,6000,13,6.6,688.5714286,3926,698.5,693
Infinix Hot 12 Play,7990,4,6000,13,6.82,689.2142857,3917,695.5,694
Samsung Galaxy S21 FE (Snapdragon + 8GB RAM + 128GB),29999,8,4500,12,6.4,690.2857143,3902,677,695
Motorola Moto E22s,6790,4,5000,16,6.5,692.6428571,3869,705.5,696
Motorola Moto G04,6999,4,5000,16,6.56,693.1428571,3862,706,697
Samsung Galaxy S21 FE 5G,31999,8,4500,12,6.4,693.4285714,3858,679,698
itel A70 4G (4GB RAM + 64GB),6299,4,5000,13,6.6,694.5,3843,712,699
Motorola Moto One Vision,12999,4,3500,48,6.3,695.5,3829,692,700
Samsung Galaxy F04,5999,4,5000,13,6.5,695.6428571,3827,711.5,701
Xiaomi Redmi A3 (6GB RAM + 128GB),9299,6,5000,8,6.71,696.0714286,3821,696,702
Samsung Galaxy S21 FE (Snapdragon),33495,8,4500,12,6.4,696.1428571,3820,681.5,703
POCO C31 (4GB RAM + 64GB),6249,4,5000,13,6.53,698.6428571,3785,713.5,704
itel A70 4G,6799,4,5000,13,6.6,703,3724,715.5,705
Motorola Moto E13 (4GB RAM + 64GB),6489,4,5000,13,6.5,705.8571429,3684,715,706
OPPO A76,14990,6,5000,13,6.56,706.1428571,3680,701,707
Samsung Galaxy S20 FE,59999,8,4500,12,6.5,707.7857143,3657,705,708
Vivo Y20G (6GB RAM +128GB),14990,6,5000,13,6.51,709,3640,703,709
OPPO A59 5G (6GB RAM + 128GB),15499,6,5000,13,6.56,709.0714286,3639,702,710
Lava Blaze NXT,6645,4,5000,13,6.5,709.6428571,3631,717,711
Lava O1,6999,4,5000,13,6.56,709.8571429,3628,718.5,712
Tecno Pop 8,6599,4,5000,12,6.56,712.5,3591,724,713
Doogee Smini,36800,8,3000,50,4.5,712.8571429,3586,710,714
Tecno Spark Go 2024 (4GB RAM + 64GB),7099,4,5000,13,6.56,713,3584,720.5,715
Lava Yuva 3,6799,4,5000,13,6.5,713.3571429,3579,718.5,716
Motorola Razr 40 Ultra,64999,8,3800,13,6.9,714,3570,731.5,717
Vivo Y20 (6GB RAM + 64GB),16999,6,5000,13,6.51,715.1428571,3554,705.5,718
iKall Z19 Pro,6915,4,5000,13,6.5,716,3542,720.5,719
itel A70 4G (4GB RAM + 256GB),7489,4,5000,13,6.6,716.1428571,3540,725,720
Apple iPhone 15,66999,6,3349,48,6.1,716.9285714,3529,698,721
Tecno Spark Go 2024 (4GB RAM + 128GB),7299,4,5000,13,6.56,717.2142857,3525,724.5,722
Samsung Galaxy M04 (4GB RAM + 128GB),6999,4,5000,13,6.5,718.0714286,3513,722,723
Oukitel WP20,14500,4,6300,20,5.93,718.7142857,3504,715.5,724
itel A60s,5599,4,5000,8,6.6,720.2857143,3482,737.5,725
Apple iPhone 15 (256GB),80990,6,3349,48,6.1,722.0714286,3457,703,726
Samsung Galaxy M04,7197,4,5000,13,6.5,722.1428571,3456,726,727
Tecno Spark Go 2023 (4GB RAM + 64GB),7599,4,5000,13,6.56,722.9285714,3445,730,728
Apple iPhone 15 (512GB),99990,6,3349,48,6.1,723.2142857,3441,708,729
Lava Yuva 2 Pro,7270,4,5000,13,6.5,723.9285714,3431,727,730
Poco C51,5498,4,5000,8,6.52,724.1428571,3428,746,731
Lava Yuva 3 (4GB RAM + 128GB),7299,4,5000,13,6.5,725.0714286,3415,728,732
Samsung Galaxy Z Flip 4 5G,58999,8,3700,12,6.7,726.5,3395,742,733
Samsung Galaxy Z Flip,40999,8,3300,12,6.7,727.0714286,3387,719,734
OPPO A57 4G (4GB RAM + 64 GB),7919,4,5000,13,6.56,727.1428571,3386,733,735
OPPO F17,17390,6,4000,16,6.44,728.1428571,3372,718,736
Realme C31 (4GB RAM + 64GB),7788,4,5000,13,6.52,729.8571429,3348,732.5,737
Samsung Galaxy Z Flip 3,45999,8,3300,12,6.7,732.2857143,3314,730.5,738
Realme C21Y (4GB RAM + 64GB),7780,4,5000,13,6.5,732.5714286,3310,733.5,739
Samsung Galaxy Z Flip 4 (8GB RAM + 256GB),71991,8,3700,12,6.7,733,3304,752,740
Realme C12,7790,3,6000,13,6.52,733.7857143,3293,742.5,741
Xiaomi Redmi 10A (4GB RAM + 64GB),8199,4,5000,13,6.53,734.9285714,3277,736,742
Samsung Galaxy Z Flip 5,99899,8,3700,12,6.7,735.4285714,3270,765.5,743
Tecno Spark 8C (4GB RAM + 64GB),8999,4,5000,13,6.6,736.4285714,3256,738.5,744
Poco C3 (4GB RAM + 64GB),8290,4,5000,13,6.53,736.9285714,3249,737,745
Xiaomi Redmi 9i,8499,4,5000,13,6.53,738.9285714,3221,739,746
Vivo Y16 (4GB RAM + 64GB),8999,4,5000,13,6.51,744.2857143,3146,743,747
Wings W4,6999,4,4000,16,6.5,744.3571429,3145,757,748
Vivo Y02t 4G,6374,4,5000,8,6.51,745.1428571,3134,757,749
POCO C31,5990,3,5000,13,6.53,747.5,3101,759,750
Lava Blaze,5908,3,5000,13,6.5,748.2857143,3090,764,751
Poco C3,5995,3,5000,13,6.53,748.5714286,3086,760,752
Infinix Smart 8 HD,6298,3,5000,13,6.6,750.3571429,3061,757,753
Vivo Y16 (4GB RAM + 128GB),9999,4,5000,13,6.51,750.6428571,3057,746.5,754
Itel Power 900,1699,0.0039,10000,0.3,2.8,752.1428571,3036,843,755
Xiaomi Redmi A2 (4GB RAM + 64GB),6799,4,5000,8,6.52,752.5,3031,762,756
Samsung Galaxy A03s (4GB RAM + 64GB),9999,4,5000,13,6.5,752.5714286,3030,747.5,757
Vivo Z1 Pro,13488,4,5000,16,6.53,753.2142857,3021,745,758
Samsung Galaxy A04e (4GB RAM + 128GB),10499,4,5000,13,6.5,755.6428571,2987,752,759
Xiaomi Redmi 9,10999,4,5000,13,6.53,756.7142857,2972,754.5,760
Xiaomi Redmi A3 (4GB RAM + 128GB),8299,4,5000,8,6.71,757.5714286,2960,754,761
Samsung Galaxy M02s (4GB RAM + 64GB),10990,4,5000,13,6.5,759,2940,757,762
Realme C31,6490,3,5000,13,6.52,759.8571429,2928,763,763
Realme C11 2021 (4GB RAM + 64GB),7290,4,5000,8,6.52,760.0714286,2925,766,764
Realme C21Y,6450,3,5000,13,6.5,760.9285714,2913,766,765
Tecno Spark Go 2024,6799,3,5000,13,6.56,761.1428571,2910,763.5,766
Motorola Moto E32s,7850,3,5000,16,6.5,761.1428571,2910,758,766
Tecno Spark Go 2023,6875,3,5000,13,6.56,763.7857143,2873,766.5,768
OPPO A16,12250,4,5000,13,6.52,764.7142857,2860,764,769
Realme C30s (4GB RAM + 64GB),7649,4,5000,8,6.5,765.1428571,2854,769,770
Xiaomi Redmi A2 Plus (?4GB RAM + 128GB),7752,4,5000,8,6.52,765.3571429,2851,767,771
Xiaomi Redmi A2 Plus,7999,4,5000,8,6.52,768,2814,769,772
Tecno Spark Go 2023 (3GB RAM + 64GB),7199,3,5000,13,6.56,768.7142857,2804,771,773
Xiaomi Poco F1,18999,6,4000,12,6.18,769.5,2793,755,774
OPPO A59 5G,13999,4,5000,13,6.56,769.8571429,2788,765,775
Xiaomi Redmi 10A,7180,3,5000,13,6.53,770.6428571,2777,773,776
Ringme R1 Plus Tejas,850,0.0312,3000,0.3,2.4,770.7857143,2775,873,777
Nokia 3.4,7280,4,4000,13,6.39,772.3571429,2753,777,778
Apple iPhone 13 Pro Max (1TB),179900,6,4352,12,6.7,773.7857143,2733,806.5,779
Apple iPhone 14 Plus,65999,6,4325,12,6.7,774.5714286,2722,785.5,780
Xiaomi Redmi 8 (4GB RAM + 64GB),10400,4,5000,12,6.22,775.5,2709,775,781
Lava Z3,5699,3,5000,8,6.5,776,2702,788,782
Apple iPhone 14 Plus (256GB),75999,6,4325,12,6.7,776.0714286,2701,790.5,783
Oppo A18,9799,4,5000,8,6.56,777.7857143,2677,772.5,784
Samsung Galaxy A03s,7699,3,5000,13,6.5,777.9285714,2675,780.5,785
Apple iPhone 14 Plus (512GB),95999,6,4325,12,6.7,778.9285714,2661,798,786
OPPO A16e (4GB RAM + 64GB),9999,4,4230,13,6.52,781.1428571,2630,782,787
Oppo A18 (4GB RAM + 128GB),10499,4,5000,8,6.56,781.7857143,2621,772.5,788
Vivo Y15s,9008,3,5000,13,6.51,785.1428571,2574,785.5,789
Samsung Galaxy A04e (3GB RAM + 64GB),8999,3,5000,13,6.5,786.4285714,2556,786.5,790
iKall Z2 (4GB RAM + 32 GB),5299,4,4000,8,5.99,787.5,2541,805,791
Realme C30 (3GB RAM + 32GB),6289,3,5000,8,6.5,787.7142857,2538,797,792
Google Pixel 6A,43999,6,4410,12.2,6.14,787.9285714,2535,785,793
Xiaomi Redmi A3,7249,3,5000,8,6.71,788.5714286,2526,787,794
Vivo Y16,9499,3,5000,13,6.51,789.3571429,2515,789.5,795
Snexian Rock R6 New,999,0.0312,3000,1.3,2.4,790.4285714,2500,882,796
Realme C11,5780,2,5000,13,6.5,791.1428571,2490,800,797
Realme 2,9490,4,4230,13,6.2,791.6428571,2483,786,798
Motorola Moto E13,5800,2,5000,13,6.5,792.2857143,2474,801,799
Vivo Y12s 2021,9990,3,5000,13,6.51,793.5,2457,791.5,800
Vivo Y21e,9998,3,5000,13,6.51,794.3571429,2445,791.5,801
Motorola One Action,9490,4,3500,16,6.3,796.8571429,2410,792,802
MTR Bold,1100,0.0312,3000,0.3,2.8,798.8571429,2382,883,803
Motorola One Macro,9690,4,4000,13,6.2,799.9285714,2367,796,804
Nokia C22,6419,2,5000,13,6.52,800.3571429,2361,805,805
OPPO A16K,7999,3,4230,13,6.52,801.2857143,2348,801,806
Apple iPhone 12 Pro Max,119900,6,3500,12,6.7,803.4285714,2318,821.5,807
Lyf Earth 1,4538,3,3500,13,5.5,804.2142857,2307,826.5,808
Vivo Y02,8198,3,5000,8,6.51,804.3571429,2305,803.5,809
OPPO A15,8299,3,4230,13,6.52,804.3571429,2305,803,809
OPPO A17K,8499,3,5000,8,6.56,804.9285714,2297,801,811
Tecno Pop 7 Pro,6576,2,5000,12,6.56,805.5,2289,809.5,812
Xiaomi Redmi A2 (2GB RAM + 64GB),5299,2,5000,8,6.52,806.7857143,2271,819,813
Vivo Y12 (3GB RAM + 64GB),11990,3,5000,13,6.35,807.8571429,2256,805,814
Samsung Galaxy M11,12999,3,5000,13,6.4,809.1428571,2238,805,815
itel A60,5599,2,5000,8,6.6,809.2142857,2237,819,816
Poco C50,5399,2,5000,8,6.52,809.6428571,2231,821,817
Vivo Y93,11900,4,4030,13,6.2,810.3571429,2221,805,818
Xiaomi Redmi A2,5499,2,5000,8,6.52,811.5714286,2204,822,819
Snexian Guru 913,999,0.0312,2500,0.3,2.4,811.6428571,2203,887.5,820
GFive G9000,1099,0.0312,3000,0.3,2.4,813.2857143,2180,888,821
Xiaomi Redmi Note 6 Pro,11999,4,4000,12,6.26,813.6428571,2175,811.5,822
Foneme FM-2 F28,1200,0.0312,3000,0.3,2.8,813.6428571,2175,888,822
Tecno Spark Go 2022,7999,2,5000,13,6.51,815.8571429,2144,816.5,824
Motorola Moto E7 Power (2GB RAM + 32GB),7999,2,5000,13,6.5,817.5,2121,818,825
Infinix Smart 7 HD,6199,2,5000,8,6.6,817.7142857,2118,824,826
Xiaomi Mi A2,10999,4,3010,20,5.99,818.3571429,2109,818,827
Realme C11 2021,5999,2,5000,8,6.52,819.4285714,2094,827,828
Ringme R1 310,650,0.0312,1000,0.3,1.77,821.2857143,2068,881,829
Apple iPhone 13 Pro (1TB),169900,6,3095,12,6.1,821.3571429,2067,850,830
Xiaomi Redmi 8A,6900,2,5000,12,6.22,822.2857143,2054,822.5,831
Xiaomi Redmi 9A,8990,2,5000,13,6.53,822.5,2051,821.5,832
Samsung Galaxy A20s,9999,3,4000,13,6.5,823.0714286,2043,821,833
Micromax Canvas Infinity,4990,3,2980,13,5.7,823.2857143,2040,842,834
GFive Z9 New,664,0.0312,1000,0.3,1.8,823.4285714,2038,883,835
Tryto Neo,680,0.0312,1100,0.3,1.8,824.1428571,2028,884,836
Realme C30,6490,2,5000,8,6.5,824.5714286,2022,828,837
Realme C30s,6499,2,5000,8,6.5,825.5714286,2008,829,838
Motorola One,7990,4,3000,13,5.9,825.8571429,2004,827,839
Snexian Bold 20K,1299,0.0312,2500,1.3,2.8,826.1428571,2000,891.5,840
Apple iPhone 12 Pro (256GB),119900,6,3500,12,6.1,826.7857143,1991,839.5,841
Apple iPhone 12 Pro,109900,6,3500,12,6.1,826.7857143,1991,838,841
GFive Rose 310,680,0.0312,1000,0.3,1.8,827,1988,885,843
Apple iPhone 14,57999,6,3279,12,6.1,827.7857143,1977,829,844
Apple iPhone 13 Pro (512GB),149900,6,3095,12,6.1,828.2857143,1970,848,845
Apple iPhone 14 (512GB),86999,6,3279,12,6.1,830,1946,839,846
Xiaomi Redmi A1 Plus,6998,2,5000,8,6.52,830.2142857,1943,831,847
GFive Rose 314,699,0.0312,1000,0.3,1.8,831.1428571,1930,887.5,848
Apple iPhone 14 (256GB),68999,6,3279,12,6.1,831.5714286,1924,834,849
Snexian Rock Pro,1299,0.0312,3000,0.3,2.4,832.8571429,1906,896,850
Xiaomi Redmi Note 4 (3GB RAM+32GB),7449,3,4100,13,5.5,833.7142857,1894,834,851
Micromax X778,1249,0.0312,2700,0.3,2.4,833.7142857,1894,896,851
Oukitel WP12 Pro,12519,4,4000,13,5.5,834.2857143,1886,831,853
Samsung Galaxy A03 Core,7448,2,5000,8,6.5,834.5,1883,833,854
itel A05s New,5799,2,4000,8,6.6,835.6428571,1867,842,855
Vivo Y83,13999,4,3260,13,6.22,836.1428571,1860,835.5,856
Jio JioPhone Next,4599,2,3500,13,5.45,836.7142857,1852,849,857
Jio Bharat B1 4G,1285,0.5,2000,0.3,2.4,836.7857143,1851,900.5,858
Caul X2 Plus,1099,0.0625,2750,0.3,1.77,838.1428571,1832,899.5,859
Lava Pixel V2 (3GB RAM),4499,3,2500,13,5,838.5714286,1826,855,860
Vivo V9,23990,4,3260,16,6.3,839.8571429,1808,835,861
Xiaomi Redmi A1,8899,2,5000,8,6.52,840.2857143,1802,837,862
itel Aura 05i,5400,2,4000,5,6.6,840.3571429,1801,844,863
Lava A7 Torch,1285,0.0312,2575,0.3,2.4,840.6428571,1797,900.5,864
Vivo Y83 Pro,16990,4,3260,13,6.22,841.7857143,1781,840,865
Lenovo K8 Plus,7290,3,4000,13,5.2,842.0714286,1777,840,866
Micromax S213,1264,0.0312,2500,0.08,2.4,844.3571429,1745,901.5,867
Motorola Moto G6 (4GB RAM + 64GB),9790,4,3000,12,5.7,845.0714286,1735,843.5,868
Vivo V7,13990,4,3000,16,5.7,846.5714286,1714,846.5,869
Jio Bharat V2,999,0.5,1000,0.3,1.77,846.8571429,1710,908.5,870
Micromax X818,1255,0.0312,1450,0.3,2.8,848.3571429,1689,910.5,871
iKall K510 New,4489,2,3000,13,5,850.2142857,1663,862,872
Oppo A3s,9990,2,4230,13,6.2,850.4285714,1660,851.5,873
Itel Muzik 110,1046,0.0039,1900,0.8,1.8,850.6428571,1657,913,874
Kechaoda K112,1519,0.0312,3600,0.3,2.4,851.3571429,1647,897,875
Jio Bharat V1,1049,0.5,1000,0.3,1.77,852.8571429,1626,913.5,876
Lava A3 Vibe,1040,0.0312,1750,0.3,1.77,853,1624,912.5,877
Vivo Y91i (2GB RAM +32GB),9990,2,4030,13,6.22,853.0714286,1623,852.5,878
Micromax S117,998,0.0312,1750,0.08,1.7,853.5,1617,915,879
itel Power 120,1199,0.0039,2500,0.3,2,853.7142857,1614,911,880
Apple iPhone 11 Pro Max,109900,4,3500,12,6.5,856,1582,862,881
Google Pixel 3a,13999,4,3000,12.2,5.6,856.2142857,1579,858.5,882
Xiaomi Redmi 6A,5999,2,3000,13,5.45,859.0714286,1539,864.5,883
Apple iPhone 13,51499,4,3240,12,6.1,859.5714286,1532,852.5,884
Xiaomi Redmi 6 (3GB RAM + 64GB),8999,3,3000,12,5.45,860.0714286,1525,859.5,885
Apple iPhone 12 (256GB),63999,4,3349,12,6.1,860.0714286,1525,857.5,885
Apple iPhone 11,43900,4,3110,12,6.1,860.2142857,1523,850.5,887
itel it2175 Pro,1049,0.0039,1200,0.8,2,860.4285714,1520,920,888
Snexian Rock Pro Max,1399,0.0312,1800,0.3,2.8,860.7857143,1515,912.5,889
Apple iPhone 12,44999,4,3110,12,6.1,861.2857143,1508,851.5,890
Apple iPhone 13 (256GB),62999,4,3240,12,6.1,861.5,1505,859.5,891
Apple iPhone 11 (128GB),48900,4,3110,12,6.1,862.8571429,1486,853,892
Micromax Bolt Q370,2490,1,1650,5,4.5,863.1428571,1482,879.5,893
itel IT5027,1169,0.0039,1200,0.3,2.4,863.8571429,1472,921,894
Huawei Honor 9 Lite (3GB RAM + 32GB),12999,3,3000,13,5.65,864,1470,864,895
Ringme R1 R33,899,0.0312,900,0.3,1.44,864.4285714,1464,920,896
itel Power 450,1447,0.0312,2500,0.3,2.4,864.5714286,1462,912.5,897
Karbonn KX70,1140,0.0508,1800,0.03,1.8,866.4285714,1436,921,898
Apple iPhone 12 (128GB),50999,4,2915,12,6.1,867.5714286,1420,858,899
Foneme FM2 1502,950,0.0312,1000,0.3,1.44,868.5,1407,925.5,900
Jmax A8 Ultra,3590,1,2500,5,5.5,869,1400,878,901
Apple iPhone 13 (512GB),82999,4,3240,12,6.1,869.3571429,1395,867,902
Vox V5555,1699,0.0312,1300,1.3,4,869.8571429,1388,892,903
Snexian Bold 4G,2499,2,3000,1.3,2.8,870.7857143,1375,884,904
Samsung Galaxy M01 Core (2GB RAM + 32GB),6490,2,3000,8,5.3,871.4285714,1366,872,905
itel it5330,1499,0.0312,1900,0.3,2.8,872,1358,910.5,906
Snexian Bold 3K,999,0.0312,1000,0.3,1.44,872.7142857,1348,931,907
Apple iPhone 12 Mini,59900,4,3279,12,5.4,873.2857143,1340,867,908
Micromax X1i Smart,1280,0.0312,1200,0.08,2.4,873.7142857,1334,928,909
Motorola Moto G (3rd Gen),6990,2,2470,13,5,874,1330,874,910
Itel it5262,1399,0.0039,2000,0.3,2.4,875.7142857,1306,922.5,911
Apple iPhone XR,47900,3,2942,12,6.1,876.2142857,1299,865,912
BlackZone Winx 4G,3100,2,3000,5,2.8,877.4285714,1282,882,913
Apple iPhone SE 3 2022,30730,4,2942,12,4.7,877.5714286,1280,869.5,914
itel Magic X,1399,0.0469,1200,1.3,2.4,878.8571429,1262,927.5,915
BlackBerry Passport,22300,3,3450,13,4.5,879.4285714,1254,873.5,916
itel MagicX Play 4G,1336,0.0469,1900,0.3,1.8,880.0714286,1245,933,917
Xiaomi Redmi Go (16GB),5499,1,3000,8,5,881.4285714,1226,878,918
Samsung Galaxy On5 Pro,7490,2,2600,8,5,881.7142857,1222,876,919
Lyf Flame 5,2540,0.5,1650,5,4,883.4285714,1198,886,920
Apple iPhone 8 Plus,49900,3,2691,12,5.5,885.6428571,1167,872.5,921
Itel Super Guru 600,1599,0.0039,1900,1.3,2.8,886.8571429,1150,912.5,922
Ringme R1 Plus 4G,1700,0.0312,3000,0.3,2.4,887.2857143,1144,916,923
iKall K333 4G,3299,2,3000,2,2.8,889.0714286,1119,884.5,924
DIZO Star 500,1614,0.0312,1900,0.3,2.8,889.7142857,1110,916,925
Snexian Bold 888,1249,0.0312,1000,1.3,1.44,890.4285714,1100,946,926
Itel MagicX Pro,1668,0.0625,2500,0.3,2.4,892.2857143,1074,914,927
MTR JB,2300,0.0312,3000,5,2.8,892.7142857,1068,892,928
BlackZone Vega,1699,0.0625,2500,0.3,2.4,895.5714286,1028,916.5,929
Lvix Can 1,1199,0.0312,1200,0.3,1,897,1008,950.5,930
MTR Fold Z,1600,0.0312,2000,0.3,2.4,899.2857143,976,926.5,931
Apple iPhone 6s (32GB),29990,2,1715,12,4.7,899.8571429,968,889.5,932
BlackZone U505,1311,0.0312,1100,0.08,1.54,901.5714286,944,949,933
CAT S22 Flip,8900,2,2000,5,4,902.2142857,935,898.5,934
Foneme Flip FM 1,1700,0.0312,2000,1,2.4,903.0714286,923,921.5,935
Apple iPhone 6 Plus (64GB),48999,1,2915,8,5.5,903.5714286,916,888,936
BlackZone S80,1715,0.0625,2000,0.3,2.4,907.2857143,864,925,937
MTR Fold X,1700,0.0312,2000,0.3,2.4,908.5,847,931.5,938
Motorola Moto A50G,1487,0.0039,1750,0.3,1.8,909,840,940.5,939
Apple iPhone 8 (256GB),77000,2,1821,12,4.7,909.7857143,829,898,940
Jio JioPhone,2399,0.5,2000,2,2.4,910.8571429,814,907,941
Lvix L1 Flip 2,1750,0.0312,2000,0.3,2.4,912.4285714,792,933,942
Lvix L1 Fold 1,1614,0.0156,1000,0.3,2.4,919.2857143,696,941.5,943
Ringme R1 Plus Pro,1900,0.0312,1800,0.3,2.4,919.5714286,692,937.5,944
Motorola Moto A70,1861,0.0039,1750,0.3,2.4,922.2142857,655,938.5,945
Lvix L1 Fold 2,1700,0.0156,1200,0.3,2.4,923.2142857,641,940,946
GFive Smart,1499,0.0312,1000,0.3,1.8,923.7142857,634,953,947
Snexian Rock Z,2700,0.0312,3000,0.3,2.4,923.8571429,632,937,948
JIo JioPhone Prima 4G,2599,0.5,1800,0.3,2.4,927.8571429,576,923,949
Motorola Moto A50,1654,0.0039,1750,0.3,1.8,927.9285714,575,948,950
Jio Phone 3 2021,3499,0.5,2000,2,2.4,928.1428571,572,922.5,951
Snexian Rock 15,2500,0.0312,2500,0.3,2.4,928.6428571,565,940.5,952
iKall K42 Flip,2249,0.0312,2000,0.3,2.4,930,546,942.5,953
Ringme Pro 2,1650,0.0312,1050,0.3,2,931.0714286,531,951.5,954
Snexian Rock X,2500,0.0312,3000,0.3,1.8,935.7142857,466,944.5,955
Samsung Metro 313,1679,0.0098,1000,0.3,2,936.0714286,461,954,956
itel Circle 1,1495,0.0312,500,0.3,1.32,938.7142857,424,963,957
Nokia 8210 4G,3715,0.0469,1450,0.3,2.8,945.2142857,333,958,958
Nokia 110 4G 2023,2249,0.125,1450,0.3,1.8,945.6428571,327,952.5,959
Nokia 150 2023,2549,0.0039,1450,0.3,2.4,945.9285714,323,955.5,960
Nokia 150 (2020),2349,0.0039,1020,0.3,2.4,949,280,954.5,961
Nokia 2660 Flip,4399,0.0469,1450,0.3,2.8,949.4285714,274,961.5,962
Nokia 3310 (2017),3699,0.0469,1200,2,2.4,950,266,959,963
Nokia 6310 2021,3299,0.0078,1150,0.3,2.8,950.1428571,264,959,964
Gamma Mini M2,2249,0.0312,1000,2,1.77,951.1428571,250,959.5,965
Nokia 225 4G,3449,0.0625,1150,0.3,2.4,955.0714286,195,961.5,966
Nokia 5710 XpressAudio,4699,0.0469,1450,0.3,2.4,956.2142857,179,965.5,967
Nokia 5310 Dual Sim,3449,0.0078,1200,0.3,2.4,957.2857143,164,965.5,968
